ID,Timestamp,Tweet URL,Group,Collector,Category,Topic,Keywords,Account handle,Account name,Account bio,Account type,Joined,Following,Followers,Location,Tweet,Tweet Translated,Tweet Type,Date posted,Screenshot,Content type,Likes,Replies,Retweets,Quote Tweets,Views,Rating,Reasoning,Remarks,Reviewer,Review
09-1,31/03/23 05:25:19,https://twitter.com/xocheeseburger/status/1498747855531491328,09,"Maceda, Westin",RBRD,Leni's incompetence/corruptness as a VP,#lenimagnanakaw,@xocheeseburger,XoXocheeseburger,,Anonymous,10/21,41,36,,nag uumpisa na silaü§¢ #LeniMagnanakaw #LeniTangaSaLahat #lenibobo #NoToComelecRappler,,"Text, Quote Tweet",03/02/22 03:51,,"Rational, Emotional",0,0,0,,,,"There is no evidence to suggest that Leni is corrupt.

https://www.gmanetwork.com/news/topstories/nation/830199/robredo-says-ovp-s-highest-rating-from-coa-shows-no-corruption-in-her-track-record/story/",No Location and Account bio.,,
09-2,31/03/23 05:25:19,https://twitter.com/xocheeseburger/status/1496115998889586696,09,"Maceda, Westin",RBRD,Leni's incompetence/corruptness as a VP,#lenimagnanakaw,@xocheeseburger,XoXocheeseburger,,Anonymous,10/21,41,36,,"kikilabutan ka talaga jan, kasqma nyo yung mga kaluliwang boboto sa botahan ehüòÇüòÇüòÇ‚úåÔ∏è#Lenimagnanakaw",,"Text, Quote Tweet",22/02/22 21:33,,Rational,1,0,0,,,,"There is no evidence of cheating by Leni (or any candidate) in the 2022 elections.

https://newsinfo.inquirer.net/1672900/leni-supporter-tackles-elephant-in-room-no-massive-fraud-in-2022-polls-surveys-were-just-right",No Location and Account bio.,,
09-3,31/03/23 05:25:19,https://twitter.com/yamgishi/status/880514803638206464,09,"Maceda, Westin",RBRD,Leni's incompetence/corruptness as a VP,#lenimagnanakaw,@yamgishi,„Çå„Å† Â±±Â≤∏,ÁßÅ„ÅØ ÂÑ™„Åó„ÅÑ„Åß„Åô „ÅÇ„Å™„Åü„Å´„ÅØÂÑ™„Åó„ÅÑ„Åß„Åô„ÅãÔºü,Anonymous,09/14,4996,3022,,Nostradamus Prediction about President Duterte! WeProtectPRRD no matter what! #LeniMagnanakaw,,"Text, URL",30/06/17 03:54,,Rational,5,0,2,,,,"There is no evidence to suggest that Leni is corrupt.

https://www.gmanetwork.com/news/topstories/nation/830199/robredo-says-ovp-s-highest-rating-from-coa-shows-no-corruption-in-her-track-record/story/",No Location.,,
09-4,31/03/23 05:25:19,https://twitter.com/yamgishi/status/880514379216601089,09,"Maceda, Westin",RBRD,Leni's incompetence/corruptness as a VP,#lenimagnanakaw,@yamgishi,„Çå„Å† Â±±Â≤∏,ÁßÅ„ÅØ ÂÑ™„Åó„ÅÑ„Åß„Åô „ÅÇ„Å™„Åü„Å´„ÅØÂÑ™„Åó„ÅÑ„Åß„Åô„ÅãÔºü,Anonymous,09/14,4996,3022,,MAINIT NA BALITA! ‚ûΩ BONG BONG MARCOS HINAMON SI VP LENI SA KANYANG MGA P... #BBMTheRealVP #LeniMagnanakaw,,"Text, URL",30/06/17 03:52,,Rational,2,0,2,,,,"There is no evidence to suggest that Leni is corrupt.

https://www.gmanetwork.com/news/topstories/nation/830199/robredo-says-ovp-s-highest-rating-from-coa-shows-no-corruption-in-her-track-record/story/",No Location.,,
09-5,31/03/23 05:25:19,https://twitter.com/yamgishi/status/880513878827778048,09,"Maceda, Westin",RBRD,Leni's incompetence/corruptness as a VP,#lenimagnanakaw,@yamgishi,„Çå„Å† Â±±Â≤∏,ÁßÅ„ÅØ ÂÑ™„Åó„ÅÑ„Åß„Åô „ÅÇ„Å™„Åü„Å´„ÅØÂÑ™„Åó„ÅÑ„Åß„Åô„ÅãÔºü,Anonymous,09/14,4996,3022,,Tukoy na ni Bongbong Marcos ang mga lugar na naganap ang pandaraya ni Ro... #LeniMagnanakaw #BBMTheRealVP,,"Text, URL",30/06/17 03:50,,Rational,4,0,1,,,,"There is no evidence to suggest that Leni is corrupt.

https://www.gmanetwork.com/news/topstories/nation/830199/robredo-says-ovp-s-highest-rating-from-coa-shows-no-corruption-in-her-track-record/story/",No Location.,,
09-6,31/03/23 05:25:19,https://twitter.com/yamgishi/status/880504237637066752,09,"Maceda, Westin",RBRD,Leni's incompetence/corruptness as a VP,#lenimagnanakaw,@yamgishi,„Çå„Å† Â±±Â≤∏,ÁßÅ„ÅØ ÂÑ™„Åó„ÅÑ„Åß„Åô „ÅÇ„Å™„Åü„Å´„ÅØÂÑ™„Åó„ÅÑ„Åß„Åô„ÅãÔºü,Anonymous,09/14,4996,3022,,@Fitch1124 @JoC2202 @PIADesk @PresidentialCom @srsasot @ilda_talk @iamrickbaltazar @Maharlika__ @riverbrook930 @tontoncontreras @naivezerine @WeAreUnitedDDS @DDSHellas_ @lasertard LP ang tunay na magnanakaw sa kaban nang taong Bayan! #LeniMagnanakaw #LPTerrorist leading by Panot Aquino mga LP Trolls huli na kayo!,,"Text, Reply",30/06/17 03:12,,Rational,7,0,6,,,,"There is no evidence to suggest that Leni is corrupt.

https://www.gmanetwork.com/news/topstories/nation/830199/robredo-says-ovp-s-highest-rating-from-coa-shows-no-corruption-in-her-track-record/story/",No Location.,,
09-7,31/03/23 04:55:37,https://twitter.com/Wenelethsetoun/status/1456108609541083147,09,"Maceda, Westin",RBRD,Leni's incompetence/corruptness as a VP,#lenicorrupt,@wenelethsetoun,Wenelethsetounnotode,"Bring Back Marcos; I believe we are committed to our various principles, so respect mine and i'll respect yours.",Anonymous,11/21,0,1,,"Sa totoo lang, almost all of Vice Pres. Leni Robredo's supporters, ang lakas ng loob nila mag-post about the Marcoses but when you click the comment section, it's turned off. oops ü§´ #LeniLugaw  #LeniCorrupt",,Text,11/04/21 11:58,,Rational,0,0,0,,,,"There is no evidence to suggest that Leni is corrupt.

https://www.gmanetwork.com/news/topstories/nation/830199/robredo-says-ovp-s-highest-rating-from-coa-shows-no-corruption-in-her-track-record/story/",No Location.,,
09-8,31/03/23 05:25:19,https://twitter.com/mavismaude1/status/1452148729188814853,09,"Maceda, Westin",RBRD,Leni's incompetence/corruptness as a VP,#lenimagnanakaw,@mavismaude1,kaitot,,Anonymous,07/21,827,15,,@antonxvillegas #lenimagnanakaw,,Text,24/10/21 13:43,,Rational,0,0,0,,,,"There is no evidence to suggest that Leni is corrupt.

https://www.gmanetwork.com/news/topstories/nation/830199/robredo-says-ovp-s-highest-rating-from-coa-shows-no-corruption-in-her-track-record/story/",No Location and Account bio.,,
09-9,31/03/23 05:25:19,https://twitter.com/ImeeMirando/status/1502921641529126912,09,"Maceda, Westin",RBRD,Leni's incompetence/corruptness as a VP,#lenimagnanakaw,@imeemirando,ILOCANO DAYTOY‚ù§Ô∏èüíö,"The truth hurts, but the truth shall set us FREE...Let the truth be heard... Halalan 2022 is the fight between lies and truth!!! it is the fight of good @ evil.",Anonymous,12/21,223,151,,"@Cluad8 @ABSCBNNews Sa tingin mo, hindi ito pagpapakita ng pagiging desperado nyo!!!  #LENIMAGNANAKAW",,"Text, Image, Reply",13/03/22 16:16,,"Rational, Emotional",0,0,0,,,,"There is no evidence to suggest that Leni is corrupt.

https://www.gmanetwork.com/news/topstories/nation/830199/robredo-says-ovp-s-highest-rating-from-coa-shows-no-corruption-in-her-track-record/story/",No Location. May have used real photo.,,
09-10,31/03/23 05:25:19,https://twitter.com/mar67432140/status/1446858754490716162,09,"Maceda, Westin",RBRD,Leni's incompetence/corruptness as a VP,#lenimagnanakaw,@mar67432140,Jake Crus,,Anonymous,06/21,7,0,,#Lenimagnanakaw,,Text,10/09/21 23:23,,Rational,0,0,0,,,,"There is no evidence to suggest that Leni is corrupt.

https://www.gmanetwork.com/news/topstories/nation/830199/robredo-says-ovp-s-highest-rating-from-coa-shows-no-corruption-in-her-track-record/story/",No Location and Account bio.,,
09-11,31/03/23 05:25:19,https://twitter.com/itsMeJom16/status/1497112188053450758,09,"Maceda, Westin",RBRD,Leni's incompetence/corruptness as a VP,#lenimagnanakaw,@itsmejom16,JOM,,Anonymous,04/21,253,34,Nowhere,@greenleafyvege1 @bongbongmarcos #LeniMagnanakaw,,"Text, Reply",25/02/22 15:32,,Rational,0,0,0,,,,"There is no evidence to suggest that Leni is corrupt.

https://www.gmanetwork.com/news/topstories/nation/830199/robredo-says-ovp-s-highest-rating-from-coa-shows-no-corruption-in-her-track-record/story/",No Account bio. Fake Location.,,
09-12,31/03/23 05:25:19,https://twitter.com/Markikomatsing/status/1485247183134019586,09,"Maceda, Westin",RBRD,Leni's incompetence/corruptness as a VP,#lenimagnanakaw,@markikomatsing,Mark,engineer. pinoy.,Anonymous,10/17,119,34,Singapore,Nakarma ang mga kakampinks. #LeniDuwag #LeniDuwagSaLiveInterview #LeniMagnanakaw,,"Text, Quote Tweet",23/01/22 21:44,,"Rational, Emotional",0,0,0,,,,"There is no evidence to suggest that Leni is corrupt.

https://www.gmanetwork.com/news/topstories/nation/830199/robredo-says-ovp-s-highest-rating-from-coa-shows-no-corruption-in-her-track-record/story/",May have used real photo.,,
09-13,31/03/23 05:25:19,https://twitter.com/IAmMccoyLinggo/status/1510638742507520001,09,"Maceda, Westin",RBRD,Leni's incompetence/corruptness as a VP,#lenimagnanakaw,@iammccoylinggo,Mccoy,"You can give without Love, but you cannot Love without giving.",Anonymous,03/16,33,22,Makati City,@thekikomachines #LeniDuwag #LeniMagnanakaw #LeniSinungaling #LeniMandaraya #LetLeniRead üòÇü§£üòú,,"Text, Reply",04/03/22 23:21,,Rational,0,0,0,,,,"There is no evidence to suggest that Leni is corrupt.

https://www.gmanetwork.com/news/topstories/nation/830199/robredo-says-ovp-s-highest-rating-from-coa-shows-no-corruption-in-her-track-record/story/",,,
09-14,31/03/23 05:25:19,https://twitter.com/myejolene/status/842474315861901312,09,"Maceda, Westin",RBRD,Leni's incompetence/corruptness as a VP,#lenimagnanakaw,@myejolene,Mye Venus,Cooking tasty foodsüòÇüòÇ,Anonymous,03/17,9,0,,#leniPowerGrabber #LeniResign  #lenifakeVP #Lenimagnanakaw  Salot k s lipunan..,,Text,17/03/17 04:35,,Emotional,0,0,0,,,,"There is no evidence to suggest that Leni is corrupt.

https://www.gmanetwork.com/news/topstories/nation/830199/robredo-says-ovp-s-highest-rating-from-coa-shows-no-corruption-in-her-track-record/story/",No Location.,,
09-15,31/03/23 05:25:19,https://twitter.com/meran_czy/status/1495803917275439106,09,"Maceda, Westin",RBRD,Leni's incompetence/corruptness as a VP,#lenimagnanakaw,@meran_czy,none of your business,way 2 sexy,Anonymous,09/21,40,5,,Karugtong #LENIDUWAG #lenimagnanakaw #LeniTangaSaLahat #santonginanyo,,"Text, Video",22/02/22 00:53,,Rational,0,1,0,,,,"There is no evidence to suggest that Leni is corrupt.

https://www.gmanetwork.com/news/topstories/nation/830199/robredo-says-ovp-s-highest-rating-from-coa-shows-no-corruption-in-her-track-record/story/",No Location.,,
09-16,31/03/23 05:25:19,https://twitter.com/RMenzii/status/1515491982021480451,09,"Maceda, Westin",RBRD,Leni's incompetence/corruptness as a VP,#lenimagnanakaw,@rmenzii,orih,,Anonymous,02/22,4,1,,@macmac541 #LeniMagNanakaw #LeniLutang #LeniSinungaling #NeverAgainToDilawan #neverAgainToPinklawan,,"Text, Reply",17/04/22 08:46,,Rational,0,1,0,,,,"There is no evidence to suggest that Leni is corrupt.

https://www.gmanetwork.com/news/topstories/nation/830199/robredo-says-ovp-s-highest-rating-from-coa-shows-no-corruption-in-her-track-record/story/",No Location and Account bio.,,
09-17,31/03/23 05:25:19,https://twitter.com/AyawSaFake/status/1503236748888842242,09,"Maceda, Westin",RBRD,Leni's incompetence/corruptness as a VP,#lenimagnanakaw,@ayawsafake,Filo‚úåüèºüëäüèª,,Anonymous,10/14,581,185,Republic of the Philippines,@manilabulletin What?! Pinaka-mahina na ang half million? üò≤üò≤üò≤  Iyaaaaaaaaaaaakkkkk! ü§£ü§£ü§£ü§£ü§£ü§£  #LeniMagnanakaw,,"Text, Reply",14/03/22 13:09,,Rational,0,0,0,,,,"There is no evidence to suggest that Leni is corrupt.

https://www.gmanetwork.com/news/topstories/nation/830199/robredo-says-ovp-s-highest-rating-from-coa-shows-no-corruption-in-her-track-record/story/",No Account bio.,,
09-18,31/03/23 05:25:19,https://twitter.com/AyawSaFake/status/1489186299734999045,09,"Maceda, Westin",RBRD,Leni's incompetence/corruptness as a VP,#lenimagnanakaw,@ayawsafake,Filo‚úåüèºüëäüèª,,Anonymous,10/14,581,185,Republic of the Philippines,@hecklerforever8 #LeniMagnanakaw ü§£ü§£ü§£ü§£,,"Text, Image, Reply",02/03/22 18:37,,Rational,0,0,0,,,,"There is no evidence to suggest that Leni is corrupt.

https://www.gmanetwork.com/news/topstories/nation/830199/robredo-says-ovp-s-highest-rating-from-coa-shows-no-corruption-in-her-track-record/story/",No Account bio.,,
09-19,31/03/23 05:25:19,https://twitter.com/AyawSaFake/status/1485314503478677505,09,"Maceda, Westin",RBRD,Leni's incompetence/corruptness as a VP,#lenimagnanakaw,@ayawsafake,Filo‚úåüèºüëäüèª,,Anonymous,10/14,581,185,Republic of the Philippines,BBM ako dati pero dahil hindi siya nagpa-interview kay JSojo..  BBM SOLID na ako!!  #LeniDuwag #lenimagnanakaw,,Text,24/01/22 02:12,,Rational,0,0,0,,,,"There is no evidence to suggest that Leni is corrupt.

https://www.gmanetwork.com/news/topstories/nation/830199/robredo-says-ovp-s-highest-rating-from-coa-shows-no-corruption-in-her-track-record/story/",No Account bio.,,
09-20,31/03/23 05:25:19,https://twitter.com/AyawSaFake/status/1483696410314768389,09,"Maceda, Westin",RBRD,Leni's incompetence/corruptness as a VP,#lenimagnanakaw,@ayawsafake,Filo‚úåüèºüëäüèª,,Anonymous,10/14,581,185,Republic of the Philippines,@smninews Psst! Yang script mo ipasa mo rin sa troll farm mo para tugma ang nginangawa mo sa nginangawa nila! Mga ulopong na bobo kayo! Script na nga lang hindi nyo na maayos ayos problema pa kaya ng barangay! Ang ta-tanga ng mga lahi nyo!üòÇüòÇüòÇ #Lenimagnanakaw,,"Text, Reply",19/01/22 15:02,,Rational,0,0,0,,,,"There is no evidence to suggest that Leni is corrupt.

https://www.gmanetwork.com/news/topstories/nation/830199/robredo-says-ovp-s-highest-rating-from-coa-shows-no-corruption-in-her-track-record/story/",No Account bio.,,
09-21,31/03/23 05:25:19,https://twitter.com/WallyAndKuki05/status/1499962879550042113,09,"Maceda, Westin",RBRD,Leni's incompetence/corruptness as a VP,#lenimagnanakaw,@wallyandkuki05,Wallabee Beatles ‚ù§Ô∏è Kuki Sanban - Bealtes ‚úåÔ∏èü´±,"17th President of the Philippines ‚ù§Ô∏èüíö
15th VicePresident of the Philippines
‚úåÔ∏èüëäüáµüá≠‚ô•üíö
Wally‚ù§Ô∏èKuki #KND X #BBMSARA #LenLenLoser #BuhayTangaNGA",Anonymous,10/21,2926,895,TheBeatles/SanbanResid/PHüáµüá≠,@Iyotlami7 @jstnbenedict #LeniMagnanakawNgBoto  #LeniMagnanakaw #LibogParty üòÇüòÇüòÇüòÇ,,"Text, Image, Reply",03/05/22 12:19,,Rational,0,1,0,,,,"There is no evidence of cheating by Leni (or any candidate) in the 2022 elections.

https://www.rappler.com/nation/robredo-says-did-not-see-evidence-2022-elections/",Fake Location.,,
09-22,31/03/23 05:25:19,https://twitter.com/Ronean/status/1522120233913311234,09,"Maceda, Westin",RBRD,Leni's incompetence/corruptness as a VP,#lenimagnanakaw,@ronean,Ronian,easy to be with...it is for you to find out üòâ,Anonymous,06/11,238,653,basically on earth,@lenirobredo @teamlenirobredo  ü§≠ü§≠ü§≠  #KayLeniTalo #KayLeniPatayTayo  #LeniMagnanakaw,,"Text, Quote Tweet",05/05/22 15:45,,Emotional,6,0,2,,,,"There is no evidence to suggest that Leni is corrupt or a thief.

https://www.gmanetwork.com/news/topstories/nation/830199/robredo-says-ovp-s-highest-rating-from-coa-shows-no-corruption-in-her-track-record/story/",Location too vague.,,
09-23,31/03/23 04:55:37,https://twitter.com/im_marielsarm/status/1448080716106018824,09,"Maceda, Westin",RBRD,Leni's incompetence/corruptness as a VP,#lenicorrupt,@im_marielsarm,Mariel Sarmiento,,Anonymous,03/10,95,82,,#LeniCorrupt #LetLeniLeave2022  #BBMIsMyPresident2022,,"Text, Quote Tweet",13/10/21 08:18,,Rational,0,0,0,,,,"There is no evidence to suggest that Leni is corrupt.

https://www.gmanetwork.com/news/topstories/nation/830199/robredo-says-ovp-s-highest-rating-from-coa-shows-no-corruption-in-her-track-record/story/",No Location and Account bio. Unsure if real name is used for the account.,,
09-24,31/03/23 05:25:19,https://twitter.com/Markikomatsing/status/1535658491305955328,09,"Maceda, Westin",RBRD,Leni's incompetence/corruptness as a VP,#lenimagnanakaw,@markikomatsing,Mark,engineer. pinoy.,Anonymous,10/17,119,34,Singapore,@kahector4 Ang sinungaling ay kapatid ng magnanakaw. #LeniMagnanakaw,,"Text, Reply",06/12/22 00:21,,Rational,3,0,0,,,,"There is no evidence to suggest that Leni is corrupt.

https://www.gmanetwork.com/news/topstories/nation/830199/robredo-says-ovp-s-highest-rating-from-coa-shows-no-corruption-in-her-track-record/story/",May have used real photo.,,
09-25,31/03/23 05:25:19,https://twitter.com/greenluving/status/1486128133200052224,09,"Maceda, Westin",RBRD,Leni's incompetence/corruptness as a VP,#lenimagnanakaw,@greenluving,Euphoriaüíúüíöüíú,Shine Dream Smile,Anonymous,05/10,323,335,Philippines,@dkarlocastro #LeniMagnanakaw,,"Text, Reply",26/01/22 08:05,,Rational,0,0,0,,,,"There is no evidence to suggest that Leni is corrupt.

https://www.gmanetwork.com/news/topstories/nation/830199/robredo-says-ovp-s-highest-rating-from-coa-shows-no-corruption-in-her-track-record/story/",,,
09-26,31/03/23 05:25:19,https://twitter.com/cassandra143442/status/1484764051821453316,09,"Maceda, Westin",RBRD,Leni's incompetence/corruptness as a VP,#lenimagnanakaw,@cassandra143442,casey,i love myself Just the way I am!,Anonymous,01/19,1782,1134,,Eto ba napanood nyo @babytalk_1234 @mangtomas2020 @iamscottrod üòÇüòÇüòÇüòÇüòÇüòÇ #lenimagnanakaw,,"Text, Video",22/01/22 13:45,,Rational,0,1,0,,,,"There is no evidence to suggest that Leni is corrupt.

https://www.gmanetwork.com/news/topstories/nation/830199/robredo-says-ovp-s-highest-rating-from-coa-shows-no-corruption-in-her-track-record/story/",No Location. May have used real photo.,,
09-27,19/04/23 19:10:11,https://twitter.com/SandroRodrique5/status/1592835301277597697,09,"Garais, Zandrew",RBRD,Leni's incompetence/corruptness as a VP,leni tamad,@sandrorodrique5,Sandro Rodriquez,,Anonymous,10/22,4,2,,@NinaCorpuz16 @PhilippineStar Talaga ba.. tamad talaga huy mas kilala ko pa si bbm kaysa kay leni c bbm hindi niya pinabayaan ang proyekto niya katulad ni leni nung nagiging vp siya diba ang haba niya bakasyon sa amerika at pinabayaan niya proyekto niya,,"Text, Reply",16/11/22 19:01,,Rational,0,1,0,,,,https://www.philstar.com/headlines/2016/12/27/1657155/wheres-leni-vp-defends-us-vacation,No Location and Account bio.,,
09-28,19/04/23 19:10:11,https://twitter.com/lugawansa2028/status/1578213742005092352,09,"Garais, Zandrew",RBRD,Leni's incompetence/corruptness as a VP,leni tamad,@lugawansa2028,Mama Lootang,"Hooman Rights Liar. Mudra of Aipa, Tripia & Lillian. Bolet's Property. Public CR. 14th Vice Puppet of the Pilipens.",Anonymous,10/22,222,443,Agaw Buhay Foundation,@SanteDalsa @1of14m #KulayRosasAngBukas kung tamad si bbm eh si leni BATUGAN hahaha  PROTECT PBBM #DefendPBBM,,"Text, Reply",07/10/22 10:40,,Rational,1,2,0,,,,"The purpose of photos is for proper documentation and not propaganda. 

https://newsinfo.inquirer.net/1363141/too-much-photo-ops-robredo-says-they-only-want-donors-to-know-where-funds-went",Fake location,,
09-29,19/04/23 19:10:11,https://twitter.com/chingskey2/status/1574286282905161729,09,"Garais, Zandrew",RBRD,Leni's incompetence/corruptness as a VP,leni tamad,@chingskey2,Matutina_PIPAY ‚ù§Ô∏è‚ù§Ô∏è‚ù§Ô∏èüíöüíöüíö UNITEAM,"Mabait wag lang galitin at sumasabog ito,yan ang tunay kong pagkatao,may matibay na paninindigan sa sarili,hindi marunong MAMBINTANG at takot sa KARMA.",Anonymous,12/21,304,181,Sequihor Negros Oriental,"@BeritasEkwitas @datumx11 Mas TAMAD c LENI niyo photo opps lang Ang alam,FYI Ikaw Ang KAWATAN",,"Text, Reply",26/09/22 14:34,,Rational,0,0,0,,,,"Former VP Robredo has been productive during her term.

https://mb.com.ph/2022/01/02/leni-robredos-six-years-as-vp-what-she-has-achieved/",May have used real photo.  No real name,,
09-30,19/04/23 19:10:11,https://twitter.com/FarthiNanthi/status/1574271196513697792,09,"Garais, Zandrew",RBRD,Leni's incompetence/corruptness as a VP,leni tamad,@farthinanthi,·µ¢‚Çô·µ¢‚Çú·µ¢‚Çê‚Çó F,d tsip 10,Anonymous,08/18,375,229,homebody,@datumx11 hay naku tatamad tamad pala president leni ninyoü§£,,"Text, Reply",26/09/22 13:34,,Rational,1,0,0,,,,"Former VP Robredo has been productive during her term.

https://mb.com.ph/2022/01/02/leni-robredos-six-years-as-vp-what-she-has-achieved/",Fake location,,
09-31,19/04/23 09:38:01,https://twitter.com/Patriot949596/status/1541043322336464896,09,"Garais, Zandrew",RBRD,Leni's incompetence/corruptness as a VP,leni inept,@patriot949596,patriot,Mahalin natin ang Pilipinas. √∞≈∏‚Ä°¬µ√∞≈∏‚Ä°¬≠,Anonymous,05/11,98,155,,"@GemoraAudie C Leni ang okay lang na sinayang. Incompetent, inept. Good riddance.",,"Text, Reply",26/06/22 20:58,,Rational,1,0,0,,,,"Former VP Robredo has been productive during her term.

https://mb.com.ph/2022/01/02/leni-robredos-six-years-as-vp-what-she-has-achieved/",No Location.,,
09-32,19/04/23 09:38:02,https://twitter.com/Patriot949596/status/1533986167246311424,09,"Garais, Zandrew",RBRD,Leni's incompetence/corruptness as a VP,leni inept,@patriot949596,patriot,Mahalin natin ang Pilipinas. √∞≈∏‚Ä°¬µ√∞≈∏‚Ä°¬≠,Anonymous,05/11,98,155,,@pinoyanghang Leni is really not meant to and will never be Prez of the Philippines. She doesn√¢‚Ç¨‚Ñ¢t have what it takes. That√¢‚Ç¨‚Ñ¢s the reality. To say that God saved her is a lie. It√¢‚Ç¨‚Ñ¢s actually the Philippines that God saved from this inept and incompetent individual. Good riddance.,,"Text, Reply",07/06/22 09:36,,Rational,54,0,19,,,,"Former VP Robredo has been productive during her term.

https://mb.com.ph/2022/01/02/leni-robredos-six-years-as-vp-what-she-has-achieved/",No Location.,,
09-33,19/04/23 09:38:03,https://twitter.com/imagine77946649/status/1529921331365457920,09,"Garais, Zandrew",RBRD,Leni's incompetence/corruptness as a VP,leni inept,@imagine77946649,imaginePeace,,Anonymous,01/20,10,21,,"@honeymac23 @lopeboie Inang Leni unfit for public service. Nation witnessed its awful performance. Better to get an experienced social worker, that knew the role &amp; services in government to people. Robredo, proven inept. Incompetent has no place to public services... #KikoPabigatPangilinanKnows‚òÄÔ∏è",,"Text, Reply",27/05/22 04:24,,Rational,4,0,0,,,,"Former VP Robredo has been productive during her term.

https://mb.com.ph/2022/01/02/leni-robredos-six-years-as-vp-what-she-has-achieved/",No Location and Account bio.,,
09-34,19/04/23 09:38:04,https://twitter.com/imagine77946649/status/1529865959229444100,09,"Garais, Zandrew",RBRD,Leni's incompetence/corruptness as a VP,leni inept,@imagine77946649,imaginePeace,,Anonymous,01/20,10,21,,"@TeacherToto @Marlo72297301 @VancouverEye @kikopangilinan If inang-Leni truly intelligent, she suppose to gather the 31.5 million votes instead. But the nation only witnessed her incompetent, low IQ &amp; awful performance... That sweet lips, congee &amp; spaghetti won‚Äôt solve the issue. Signs of weakness, inept &amp; ain‚Äôt for public services.",,"Text, Image, Reply",27/05/22 00:44,,Rational,1,0,0,,,,"Former VP Robredo has been productive during her term.

https://mb.com.ph/2022/01/02/leni-robredos-six-years-as-vp-what-she-has-achieved/",No Location and Account bio.,,
09-35,19/04/23 09:38:05,https://twitter.com/bee_smark/status/1519490207803871232,09,"Garais, Zandrew",RBRD,Leni's incompetence/corruptness as a VP,leni inept,@bee_smark,BEESmark,"anything with humor

willing to learn.
Educate me and take me through it..
COMMON SENSE RULES",Anonymous,05/21,1093,1095,,@Hayiiyah18 @kwarantino19 @canete_darwin .she supported her mother's candidacy..thats all her daughters fault..they knew from the very start that their mother LENI is an inept VP..and inept political figure totally..and still decided anyway to vie for presidency.. WHAT COUD BE MORE OF A MISTAKE THAN THAT,,"Text, Reply",28/04/22 09:34,,Rational,0,0,0,,,,"Former VP Robredo has been productive during her term.

https://mb.com.ph/2022/01/02/leni-robredos-six-years-as-vp-what-she-has-achieved/",No Location.,,
09-36,19/04/23 09:38:06,https://twitter.com/Sefffanx/status/1519352077830348800,09,"Garais, Zandrew",RBRD,Leni's incompetence/corruptness as a VP,leni inept,@sefffanx,S,"All views, thoughts, and opinions expressed here are my own. - Descendant of the Three Stars and the Sun. √ò¬ß√ô‚Äû√ò¬≠√ô≈†√ò¬ß√ò¬© √ò¬≠√ô‚Äû√ôÀÜ√ò¬©",Anonymous,09/07,515,168,MNL,"or that these even exist in her head.  Isn't it having LENI as president who is inept, hypocritical, a liar, encourages cancel culture, spreads fake news, knowingly misinforms the public, and disrespects the church, among other things, MORE DANGEROUS?  Dats all por taday‚Äôs bidyo",,"Text, Video",28/04/22 00:25,,Rational,0,0,0,,,,"Former VP Robredo has been productive during her term.

https://mb.com.ph/2022/01/02/leni-robredos-six-years-as-vp-what-she-has-achieved/",,,
09-37,19/04/23 09:38:07,https://twitter.com/Blu_Gunderson24/status/1511079101603360768,09,"Garais, Zandrew",RBRD,Leni's incompetence/corruptness as a VP,leni inept,@blu_gunderson24,Blu-G,#UniTeam #MarcosOfThePhilippines,Anonymous,05/17,129,72,,"Leni‚Äùs almost 6 years as Vice President could have been enough to catapult her to the front in her bid for the highest position in the land.  But nothing she‚Äôs done was right. To the opposite, everything she does only shows how shallow, inept and incapable she is as leader.",,Text,05/04/22 04:31,,Rational,0,0,0,,,,"Former VP Robredo has been productive during her term.

https://mb.com.ph/2022/01/02/leni-robredos-six-years-as-vp-what-she-has-achieved/",No Location.,,
09-38,19/04/23 09:38:08,https://twitter.com/PulbuRonn/status/1497903704082550790,09,"Garais, Zandrew",RBRD,Leni's incompetence/corruptness as a VP,leni inept,@pulburonn,Ronn,"Writer | AB Journalism from PUP (the UP bootleg hihi) MMPA, Stoic, Political Pragmatist.

Ba't ka tumitingin sa profile ko? Shoo.",Identified,09/17,144,3768,,"Oh Leni, we don't need ""fake news"" to know how inept you are and how effective the incumbent is. We know you're running because your party is threatened to be extinct.  Teka, ba't ang eloquent nya talaga ngayon? Ang layo sa mga impromptu interviews nya. Nagdududa talaga ako ha ü§≠",,Text,27/02/22 19:57,,Rational,371,31,85,,,,"Former VP Robredo has been productive during her term.

https://mb.com.ph/2022/01/02/leni-robredos-six-years-as-vp-what-she-has-achieved/",No Location.,,
09-39,19/04/23 21:09:58,https://twitter.com/doohlapeep/status/1474475819699675136,09,"Garais, Zandrew",RBRD,Leni's incompetence/corruptness as a VP,leni inept,@doohlapeep,Doohlapeep,A Bi turkey,Anonymous,05/20,567,404,,@dgllnkhrl @Jijuuee @nicoquejano Leni is bobita tapos pinklawans claim napakatalino nila ü§£ü§£ yuck as in malaking yuucccckkk.   She is inept and lutang palagi. Maawa kayo sa Pinas jusko ü§£,,"Text, Reply",25/12/21 04:23,,Rational,0,1,0,,,,"Former VP Robredo has been productive during her term.

https://mb.com.ph/2022/01/02/leni-robredos-six-years-as-vp-what-she-has-achieved/",No Location.,,
09-40,19/04/23 21:09:58,https://twitter.com/channisi/status/1465098879418863624,09,"Garais, Zandrew",RBRD,Leni's incompetence/corruptness as a VP,leni inept,@channisi,Mister T Èô≥Â∞ºÂ∏å ◊†◊ó◊û◊ô◊î ◊ò◊ê◊ü üëäüëäüëä,Eat drink and be merry üç∑üçìü•ûüçîüçüü•ôüåØü•óüçùüçúüç±üç¢üç†ü¶êü¶ëüçßüç®üç≠üç∞‚òïüçµ,Anonymous,06/09,1080,654,"14.684431,120.983468",@manilabulletin Inept doctors choose inept moronic Leni,,"Text, Reply",29/11/21 07:22,,Rational,3,0,0,,,,"Former VP Robredo has been productive during her term.

https://mb.com.ph/2022/01/02/leni-robredos-six-years-as-vp-what-she-has-achieved/",,,
09-41,19/04/23 21:09:58,https://twitter.com/DonaldDck2/status/1454591387639304195,09,"Garais, Zandrew",RBRD,Leni's incompetence/corruptness as a VP,leni inept,@donalddck2,Red For Unity‚úåÔ∏è,"The Republic of the Philippines, soon, will be great again!! Ferdinand Romualdez Marcos Jr. for president in May 9,2022!! Marcos pa rin!",Anonymous,09/21,353,435,,I hope y'all will realize that leni is inept.,,Text,31/10/21 07:29,,Rational,10,0,0,,,,"Former VP Robredo has been productive during her term.

https://mb.com.ph/2022/01/02/leni-robredos-six-years-as-vp-what-she-has-achieved/",No Location.,,
09-42,19/04/23 21:09:58,https://twitter.com/CamsonMarco/status/1449068278886719490,09,"Garais, Zandrew",RBRD,Leni's incompetence/corruptness as a VP,leni inept,@camsonmarco,PapaMac,"Political Observer, Logical Hater, Mcdo Lover, Science Enthusiast, K-pop lover, Amateur Singer",Anonymous,04/21,452,170,"National Capital Region, Repub","What keeps dilawans from seeing Leni as a weak leader, stupid (sometimes moronic), inept and a puppet, yet they see it clearly in Manny. They're practically the same.",,Text,16/10/21 01:42,,Rational,0,1,0,,,,"Former VP Robredo has been productive during her term.

https://mb.com.ph/2022/01/02/leni-robredos-six-years-as-vp-what-she-has-achieved/",,,
09-43,19/04/23 21:09:58,https://twitter.com/JRedCallis/status/1446968079129317376,09,"Garais, Zandrew",RBRD,Leni's incompetence/corruptness as a VP,leni inept,@jredcallis,John Redmond Callis,‚öîÔ∏è The Redwulf ‚öîÔ∏è,Anonymous,09/11,682,729,,"Leni Robredo, seen here, clearly shows she is a political puppet of the Liberal Party. A failure of a congresswoman, totally inept as a VP and with logic worse than a junkie on weed. What did that Yorme call her? ""A fake leader with fake colors."" Goodness! üòé",,"Text, Quote Tweet",10/10/21 06:37,,Rational,3,0,0,,,,"Former VP Robredo has been productive during her term.

https://mb.com.ph/2022/01/02/leni-robredos-six-years-as-vp-what-she-has-achieved/",No Location.,,
09-44,19/04/23 21:09:58,https://twitter.com/JuanPinoy78/status/1433260225990217739,09,"Garais, Zandrew",RBRD,Leni's incompetence/corruptness as a VP,leni inept,@juanpinoy78,PRO IUSTITIA ET PACE,"LAW, ORDER, JUSTICE, PEACE",Anonymous,06/14,184,4,,"@News5PH These are inept candidates. Isko bobo hindi nakapasa ng anong national exam noard or bar, leni is incompetent, and the least Pacquiao is not even a college degree. OMG anong mangyari pagsila ang ihalal.",,"Text, Reply",02/09/21 10:47,,Rational,0,0,0,,,,"Former VP Robredo has been productive during her term.

https://mb.com.ph/2022/01/02/leni-robredos-six-years-as-vp-what-she-has-achieved/",No Location.,,
09-45,19/04/23 21:09:58,https://twitter.com/brndngrn/status/1367136858388398082,09,"Garais, Zandrew",RBRD,Leni's incompetence/corruptness as a VP,leni inept,@brndngrn,–≤rndngrn #ùîñùî¨ùî†ùî¶ùîûùî©ùîáùî¶ùî∞ùî±ùîûùî´ùî†ùî¶ùî´ùî§,Àôuoƒ± á…îƒ±…ü u…ê…• á …π«ùp…πƒ±«ù ç «ù…π…ê s…• án…π á «ù…ØoS,Anonymous,09/10,1502,950,,"LENI ROBREDO, The most inconsequential, most inept &amp; most idiotic politician in the Philippines complains about getting called out for her moronic ideas. Madame, nakakapikon po kasi ang kabobohan ninyo na pinangangalandakan ninyo araw2x sa MSM. @npr @msnbc  @foxnews @XHNews @AP",,"Text, Image",03/03/21 23:36,,Rational,9,0,1,,,,"Former VP Robredo has been productive during her term.

https://mb.com.ph/2022/01/02/leni-robredos-six-years-as-vp-what-she-has-achieved/",No Location.,,
09-46,19/04/23 21:09:58,https://twitter.com/JRedCallis/status/1334306879032287232,09,"Garais, Zandrew",RBRD,Leni's incompetence/corruptness as a VP,leni inept,@jredcallis,John Redmond Callis,‚öîÔ∏è The Redwulf ‚öîÔ∏è,Anonymous,09/11,682,729,,"@pinoyanghang @loidasandiego77 She was inept, incompetent and knew nothing about governing a complicated society like the Philippines. She was the perfect puppet for the Yellows and thus they pillaged. The rest is history. Leni is her clone.",,"Text, Reply",03/12/20 09:22,,Rational,0,0,0,,,,"Former VP Robredo has been productive during her term.

https://mb.com.ph/2022/01/02/leni-robredos-six-years-as-vp-what-she-has-achieved/",No Location.,,
09-47,19/04/23 21:09:58,https://twitter.com/jehaycee/status/1240477863368773633,09,"Garais, Zandrew",RBRD,Leni's incompetence/corruptness as a VP,leni inept,@jehaycee,Jehaycee Carlos,emoterong froglet.,Anonymous,11/10,172,193,Mandaluyong City,"@introspect18 @MacLen315 When you say crazy inept leaders, you must mean FVP Leni and her hypocrite partymates.",,"Text, Reply",19/03/20 11:19,,Rational,1,0,0,,,,"Former VP Robredo has been productive during her term.

https://mb.com.ph/2022/01/02/leni-robredos-six-years-as-vp-what-she-has-achieved/",,,
09-48,19/04/23 21:09:58,https://twitter.com/ItsAlwaysMe888/status/1048867556713357312,09,"Garais, Zandrew",RBRD,Leni's incompetence/corruptness as a VP,leni inept,@itsalwaysme888,@ItsAlwaysMe888,I am Me,Anonymous,06/18,25,5,"Makati City, National Capital Region","@dawende Edwin, my dear, being incompetent and being strategically inept are not qualities of being a woman. They are just the qualities of Leni as a person. Magkaiba iyon. GMA is also a woman, but she's very competent and strategic.",,"Text, Reply",07/10/18 17:28,,Rational,0,0,0,,,,"Former VP Robredo has been productive during her term.

https://mb.com.ph/2022/01/02/leni-robredos-six-years-as-vp-what-she-has-achieved/",,,
09-49,19/04/23 21:09:58,https://twitter.com/kfinew/status/1009083294141444098,09,"Garais, Zandrew",RBRD,Leni's incompetence/corruptness as a VP,leni inept,@kfinew,Jasmin ·µïÃà,,Anonymous,09/13,1059,1667,,@josemaria_rsls @Dutertenomics @lenirobredo 1. Ben Kingsley is ‚ù§Ô∏è 2. Leni is hopelessly inept. Even her aura lacks luster.,,"Text, Reply",19/06/18 22:39,,Rational,0,0,0,,,,"Former VP Robredo has been productive during her term.

https://mb.com.ph/2022/01/02/leni-robredos-six-years-as-vp-what-she-has-achieved/",No Location and Account bio.,,
09-50,19/04/23 21:09:58,https://twitter.com/AlgenFaith/status/842659517800185856,09,"Garais, Zandrew",RBRD,Leni's incompetence/corruptness as a VP,leni inept,@algenfaith,Genalie Baluya,,Identified,02/16,454,57,,The most inept Fake VP Leni Robredo in the Philippines history . #LeniPowerGrabber #LeniResign,,"Text, Image",17/03/17 16:50,,Rational,163,7,182,,,,"Former VP Robredo has been productive during her term.

https://mb.com.ph/2022/01/02/leni-robredos-six-years-as-vp-what-she-has-achieved/",No Location and Account bio.,,
00-51,,,,,,,,,,,,,,,,,,,,,,,,,,,,,,,
00-52,,,,,,,,,,,,,,,,,,,,,,,,,,,,,,,
00-53,,,,,,,,,,,,,,,,,,,,,,,,,,,,,,,
00-54,,,,,,,,,,,,,,,,,,,,,,,,,,,,,,,
00-55,,,,,,,,,,,,,,,,,,,,,,,,,,,,,,,
00-56,,,,,,,,,,,,,,,,,,,,,,,,,,,,,,,
00-57,,,,,,,,,,,,,,,,,,,,,,,,,,,,,,,
00-58,,,,,,,,,,,,,,,,,,,,,,,,,,,,,,,
00-59,,,,,,,,,,,,,,,,,,,,,,,,,,,,,,,
00-60,,,,,,,,,,,,,,,,,,,,,,,,,,,,,,,
00-61,,,,,,,,,,,,,,,,,,,,,,,,,,,,,,,
00-62,,,,,,,,,,,,,,,,,,,,,,,,,,,,,,,
00-63,,,,,,,,,,,,,,,,,,,,,,,,,,,,,,,
00-64,,,,,,,,,,,,,,,,,,,,,,,,,,,,,,,
00-65,,,,,,,,,,,,,,,,,,,,,,,,,,,,,,,
00-66,,,,,,,,,,,,,,,,,,,,,,,,,,,,,,,
00-67,,,,,,,,,,,,,,,,,,,,,,,,,,,,,,,
00-68,,,,,,,,,,,,,,,,,,,,,,,,,,,,,,,
00-69,,,,,,,,,,,,,,,,,,,,,,,,,,,,,,,
00-70,,,,,,,,,,,,,,,,,,,,,,,,,,,,,,,
00-71,,,,,,,,,,,,,,,,,,,,,,,,,,,,,,,
00-72,,,,,,,,,,,,,,,,,,,,,,,,,,,,,,,
00-73,,,,,,,,,,,,,,,,,,,,,,,,,,,,,,,
00-74,,,,,,,,,,,,,,,,,,,,,,,,,,,,,,,
00-75,,,,,,,,,,,,,,,,,,,,,,,,,,,,,,,
00-76,,,,,,,,,,,,,,,,,,,,,,,,,,,,,,,
00-77,,,,,,,,,,,,,,,,,,,,,,,,,,,,,,,
00-78,,,,,,,,,,,,,,,,,,,,,,,,,,,,,,,
00-79,,,,,,,,,,,,,,,,,,,,,,,,,,,,,,,
00-80,,,,,,,,,,,,,,,,,,,,,,,,,,,,,,,
00-81,,,,,,,,,,,,,,,,,,,,,,,,,,,,,,,
00-82,,,,,,,,,,,,,,,,,,,,,,,,,,,,,,,
00-83,,,,,,,,,,,,,,,,,,,,,,,,,,,,,,,
00-84,,,,,,,,,,,,,,,,,,,,,,,,,,,,,,,
00-85,,,,,,,,,,,,,,,,,,,,,,,,,,,,,,,
00-86,,,,,,,,,,,,,,,,,,,,,,,,,,,,,,,
00-87,,,,,,,,,,,,,,,,,,,,,,,,,,,,,,,
00-88,,,,,,,,,,,,,,,,,,,,,,,,,,,,,,,
00-89,,,,,,,,,,,,,,,,,,,,,,,,,,,,,,,
00-90,,,,,,,,,,,,,,,,,,,,,,,,,,,,,,,
00-91,,,,,,,,,,,,,,,,,,,,,,,,,,,,,,,
00-92,,,,,,,,,,,,,,,,,,,,,,,,,,,,,,,
00-93,,,,,,,,,,,,,,,,,,,,,,,,,,,,,,,
00-94,,,,,,,,,,,,,,,,,,,,,,,,,,,,,,,
00-95,,,,,,,,,,,,,,,,,,,,,,,,,,,,,,,
00-96,,,,,,,,,,,,,,,,,,,,,,,,,,,,,,,
00-97,,,,,,,,,,,,,,,,,,,,,,,,,,,,,,,
00-98,,,,,,,,,,,,,,,,,,,,,,,,,,,,,,,
00-99,,,,,,,,,,,,,,,,,,,,,,,,,,,,,,,
00-100,,,,,,,,,,,,,,,,,,,,,,,,,,,,,,,
00-101,,,,,,,,,,,,,,,,,,,,,,,,,,,,,,,
00-102,,,,,,,,,,,,,,,,,,,,,,,,,,,,,,,
00-103,,,,,,,,,,,,,,,,,,,,,,,,,,,,,,,
00-104,,,,,,,,,,,,,,,,,,,,,,,,,,,,,,,
00-105,,,,,,,,,,,,,,,,,,,,,,,,,,,,,,,
00-106,,,,,,,,,,,,,,,,,,,,,,,,,,,,,,,
00-107,,,,,,,,,,,,,,,,,,,,,,,,,,,,,,,
00-108,,,,,,,,,,,,,,,,,,,,,,,,,,,,,,,
00-109,,,,,,,,,,,,,,,,,,,,,,,,,,,,,,,
00-110,,,,,,,,,,,,,,,,,,,,,,,,,,,,,,,
00-111,,,,,,,,,,,,,,,,,,,,,,,,,,,,,,,
00-112,,,,,,,,,,,,,,,,,,,,,,,,,,,,,,,
00-113,,,,,,,,,,,,,,,,,,,,,,,,,,,,,,,
00-114,,,,,,,,,,,,,,,,,,,,,,,,,,,,,,,
00-115,,,,,,,,,,,,,,,,,,,,,,,,,,,,,,,
00-116,,,,,,,,,,,,,,,,,,,,,,,,,,,,,,,
00-117,,,,,,,,,,,,,,,,,,,,,,,,,,,,,,,
00-118,,,,,,,,,,,,,,,,,,,,,,,,,,,,,,,
00-119,,,,,,,,,,,,,,,,,,,,,,,,,,,,,,,
00-120,,,,,,,,,,,,,,,,,,,,,,,,,,,,,,,
00-121,,,,,,,,,,,,,,,,,,,,,,,,,,,,,,,
00-122,,,,,,,,,,,,,,,,,,,,,,,,,,,,,,,
00-123,,,,,,,,,,,,,,,,,,,,,,,,,,,,,,,
00-124,,,,,,,,,,,,,,,,,,,,,,,,,,,,,,,
00-125,,,,,,,,,,,,,,,,,,,,,,,,,,,,,,,
00-126,,,,,,,,,,,,,,,,,,,,,,,,,,,,,,,
00-127,,,,,,,,,,,,,,,,,,,,,,,,,,,,,,,
00-128,,,,,,,,,,,,,,,,,,,,,,,,,,,,,,,
00-129,,,,,,,,,,,,,,,,,,,,,,,,,,,,,,,
00-130,,,,,,,,,,,,,,,,,,,,,,,,,,,,,,,
00-131,,,,,,,,,,,,,,,,,,,,,,,,,,,,,,,
00-132,,,,,,,,,,,,,,,,,,,,,,,,,,,,,,,
00-133,,,,,,,,,,,,,,,,,,,,,,,,,,,,,,,
00-134,,,,,,,,,,,,,,,,,,,,,,,,,,,,,,,
00-135,,,,,,,,,,,,,,,,,,,,,,,,,,,,,,,
00-136,,,,,,,,,,,,,,,,,,,,,,,,,,,,,,,
00-137,,,,,,,,,,,,,,,,,,,,,,,,,,,,,,,
00-138,,,,,,,,,,,,,,,,,,,,,,,,,,,,,,,
00-139,,,,,,,,,,,,,,,,,,,,,,,,,,,,,,,
00-140,,,,,,,,,,,,,,,,,,,,,,,,,,,,,,,
00-141,,,,,,,,,,,,,,,,,,,,,,,,,,,,,,,
00-142,,,,,,,,,,,,,,,,,,,,,,,,,,,,,,,
00-143,,,,,,,,,,,,,,,,,,,,,,,,,,,,,,,
00-144,,,,,,,,,,,,,,,,,,,,,,,,,,,,,,,
00-145,,,,,,,,,,,,,,,,,,,,,,,,,,,,,,,
00-146,,,,,,,,,,,,,,,,,,,,,,,,,,,,,,,
00-147,,,,,,,,,,,,,,,,,,,,,,,,,,,,,,,
00-148,,,,,,,,,,,,,,,,,,,,,,,,,,,,,,,
00-149,,,,,,,,,,,,,,,,,,,,,,,,,,,,,,,
00-150,,,,,,,,,,,,,,,,,,,,,,,,,,,,,,,
00-151,,,,,,,,,,,,,,,,,,,,,,,,,,,,,,,
00-152,,,,,,,,,,,,,,,,,,,,,,,,,,,,,,,
00-153,,,,,,,,,,,,,,,,,,,,,,,,,,,,,,,
00-154,,,,,,,,,,,,,,,,,,,,,,,,,,,,,,,
00-155,,,,,,,,,,,,,,,,,,,,,,,,,,,,,,,
00-156,,,,,,,,,,,,,,,,,,,,,,,,,,,,,,,
00-157,,,,,,,,,,,,,,,,,,,,,,,,,,,,,,,
00-158,,,,,,,,,,,,,,,,,,,,,,,,,,,,,,,
00-159,,,,,,,,,,,,,,,,,,,,,,,,,,,,,,,
00-160,,,,,,,,,,,,,,,,,,,,,,,,,,,,,,,
00-161,,,,,,,,,,,,,,,,,,,,,,,,,,,,,,,
00-162,,,,,,,,,,,,,,,,,,,,,,,,,,,,,,,
00-163,,,,,,,,,,,,,,,,,,,,,,,,,,,,,,,
00-164,,,,,,,,,,,,,,,,,,,,,,,,,,,,,,,
00-165,,,,,,,,,,,,,,,,,,,,,,,,,,,,,,,
00-166,,,,,,,,,,,,,,,,,,,,,,,,,,,,,,,
00-167,,,,,,,,,,,,,,,,,,,,,,,,,,,,,,,
00-168,,,,,,,,,,,,,,,,,,,,,,,,,,,,,,,
00-169,,,,,,,,,,,,,,,,,,,,,,,,,,,,,,,
00-170,,,,,,,,,,,,,,,,,,,,,,,,,,,,,,,
00-171,,,,,,,,,,,,,,,,,,,,,,,,,,,,,,,
00-172,,,,,,,,,,,,,,,,,,,,,,,,,,,,,,,
00-173,,,,,,,,,,,,,,,,,,,,,,,,,,,,,,,
00-174,,,,,,,,,,,,,,,,,,,,,,,,,,,,,,,
00-175,,,,,,,,,,,,,,,,,,,,,,,,,,,,,,,
00-176,,,,,,,,,,,,,,,,,,,,,,,,,,,,,,,
00-177,,,,,,,,,,,,,,,,,,,,,,,,,,,,,,,
00-178,,,,,,,,,,,,,,,,,,,,,,,,,,,,,,,
00-179,,,,,,,,,,,,,,,,,,,,,,,,,,,,,,,
00-180,,,,,,,,,,,,,,,,,,,,,,,,,,,,,,,
00-181,,,,,,,,,,,,,,,,,,,,,,,,,,,,,,,
00-182,,,,,,,,,,,,,,,,,,,,,,,,,,,,,,,
00-183,,,,,,,,,,,,,,,,,,,,,,,,,,,,,,,
00-184,,,,,,,,,,,,,,,,,,,,,,,,,,,,,,,
00-185,,,,,,,,,,,,,,,,,,,,,,,,,,,,,,,
00-186,,,,,,,,,,,,,,,,,,,,,,,,,,,,,,,
00-187,,,,,,,,,,,,,,,,,,,,,,,,,,,,,,,
00-188,,,,,,,,,,,,,,,,,,,,,,,,,,,,,,,
00-189,,,,,,,,,,,,,,,,,,,,,,,,,,,,,,,
00-190,,,,,,,,,,,,,,,,,,,,,,,,,,,,,,,
00-191,,,,,,,,,,,,,,,,,,,,,,,,,,,,,,,
00-192,,,,,,,,,,,,,,,,,,,,,,,,,,,,,,,
00-193,,,,,,,,,,,,,,,,,,,,,,,,,,,,,,,
00-194,,,,,,,,,,,,,,,,,,,,,,,,,,,,,,,
00-195,,,,,,,,,,,,,,,,,,,,,,,,,,,,,,,
00-196,,,,,,,,,,,,,,,,,,,,,,,,,,,,,,,
00-197,,,,,,,,,,,,,,,,,,,,,,,,,,,,,,,
00-198,,,,,,,,,,,,,,,,,,,,,,,,,,,,,,,
00-199,,,,,,,,,,,,,,,,,,,,,,,,,,,,,,,
00-200,,,,,,,,,,,,,,,,,,,,,,,,,,,,,,,
00-201,,,,,,,,,,,,,,,,,,,,,,,,,,,,,,,
00-202,,,,,,,,,,,,,,,,,,,,,,,,,,,,,,,
00-203,,,,,,,,,,,,,,,,,,,,,,,,,,,,,,,
00-204,,,,,,,,,,,,,,,,,,,,,,,,,,,,,,,
00-205,,,,,,,,,,,,,,,,,,,,,,,,,,,,,,,
00-206,,,,,,,,,,,,,,,,,,,,,,,,,,,,,,,
00-207,,,,,,,,,,,,,,,,,,,,,,,,,,,,,,,
00-208,,,,,,,,,,,,,,,,,,,,,,,,,,,,,,,
00-209,,,,,,,,,,,,,,,,,,,,,,,,,,,,,,,
00-210,,,,,,,,,,,,,,,,,,,,,,,,,,,,,,,
00-211,,,,,,,,,,,,,,,,,,,,,,,,,,,,,,,
00-212,,,,,,,,,,,,,,,,,,,,,,,,,,,,,,,
00-213,,,,,,,,,,,,,,,,,,,,,,,,,,,,,,,
00-214,,,,,,,,,,,,,,,,,,,,,,,,,,,,,,,
00-215,,,,,,,,,,,,,,,,,,,,,,,,,,,,,,,
00-216,,,,,,,,,,,,,,,,,,,,,,,,,,,,,,,
00-217,,,,,,,,,,,,,,,,,,,,,,,,,,,,,,,
00-218,,,,,,,,,,,,,,,,,,,,,,,,,,,,,,,
00-219,,,,,,,,,,,,,,,,,,,,,,,,,,,,,,,
00-220,,,,,,,,,,,,,,,,,,,,,,,,,,,,,,,
00-221,,,,,,,,,,,,,,,,,,,,,,,,,,,,,,,
00-222,,,,,,,,,,,,,,,,,,,,,,,,,,,,,,,
00-223,,,,,,,,,,,,,,,,,,,,,,,,,,,,,,,
00-224,,,,,,,,,,,,,,,,,,,,,,,,,,,,,,,
00-225,,,,,,,,,,,,,,,,,,,,,,,,,,,,,,,
00-226,,,,,,,,,,,,,,,,,,,,,,,,,,,,,,,
00-227,,,,,,,,,,,,,,,,,,,,,,,,,,,,,,,
00-228,,,,,,,,,,,,,,,,,,,,,,,,,,,,,,,
00-229,,,,,,,,,,,,,,,,,,,,,,,,,,,,,,,
00-230,,,,,,,,,,,,,,,,,,,,,,,,,,,,,,,
00-231,,,,,,,,,,,,,,,,,,,,,,,,,,,,,,,
00-232,,,,,,,,,,,,,,,,,,,,,,,,,,,,,,,
00-233,,,,,,,,,,,,,,,,,,,,,,,,,,,,,,,
00-234,,,,,,,,,,,,,,,,,,,,,,,,,,,,,,,
00-235,,,,,,,,,,,,,,,,,,,,,,,,,,,,,,,
00-236,,,,,,,,,,,,,,,,,,,,,,,,,,,,,,,
00-237,,,,,,,,,,,,,,,,,,,,,,,,,,,,,,,
00-238,,,,,,,,,,,,,,,,,,,,,,,,,,,,,,,
00-239,,,,,,,,,,,,,,,,,,,,,,,,,,,,,,,
00-240,,,,,,,,,,,,,,,,,,,,,,,,,,,,,,,
00-241,,,,,,,,,,,,,,,,,,,,,,,,,,,,,,,
00-242,,,,,,,,,,,,,,,,,,,,,,,,,,,,,,,
00-243,,,,,,,,,,,,,,,,,,,,,,,,,,,,,,,
00-244,,,,,,,,,,,,,,,,,,,,,,,,,,,,,,,
00-245,,,,,,,,,,,,,,,,,,,,,,,,,,,,,,,
00-246,,,,,,,,,,,,,,,,,,,,,,,,,,,,,,,
00-247,,,,,,,,,,,,,,,,,,,,,,,,,,,,,,,
00-248,,,,,,,,,,,,,,,,,,,,,,,,,,,,,,,
00-249,,,,,,,,,,,,,,,,,,,,,,,,,,,,,,,
00-250,,,,,,,,,,,,,,,,,,,,,,,,,,,,,,,
00-251,,,,,,,,,,,,,,,,,,,,,,,,,,,,,,,
00-252,,,,,,,,,,,,,,,,,,,,,,,,,,,,,,,
00-253,,,,,,,,,,,,,,,,,,,,,,,,,,,,,,,
00-254,,,,,,,,,,,,,,,,,,,,,,,,,,,,,,,
00-255,,,,,,,,,,,,,,,,,,,,,,,,,,,,,,,
00-256,,,,,,,,,,,,,,,,,,,,,,,,,,,,,,,
00-257,,,,,,,,,,,,,,,,,,,,,,,,,,,,,,,
00-258,,,,,,,,,,,,,,,,,,,,,,,,,,,,,,,
00-259,,,,,,,,,,,,,,,,,,,,,,,,,,,,,,,
00-260,,,,,,,,,,,,,,,,,,,,,,,,,,,,,,,
00-261,,,,,,,,,,,,,,,,,,,,,,,,,,,,,,,
00-262,,,,,,,,,,,,,,,,,,,,,,,,,,,,,,,
00-263,,,,,,,,,,,,,,,,,,,,,,,,,,,,,,,
00-264,,,,,,,,,,,,,,,,,,,,,,,,,,,,,,,
00-265,,,,,,,,,,,,,,,,,,,,,,,,,,,,,,,
00-266,,,,,,,,,,,,,,,,,,,,,,,,,,,,,,,
00-267,,,,,,,,,,,,,,,,,,,,,,,,,,,,,,,
00-268,,,,,,,,,,,,,,,,,,,,,,,,,,,,,,,
00-269,,,,,,,,,,,,,,,,,,,,,,,,,,,,,,,
00-270,,,,,,,,,,,,,,,,,,,,,,,,,,,,,,,
00-271,,,,,,,,,,,,,,,,,,,,,,,,,,,,,,,
00-272,,,,,,,,,,,,,,,,,,,,,,,,,,,,,,,
00-273,,,,,,,,,,,,,,,,,,,,,,,,,,,,,,,
00-274,,,,,,,,,,,,,,,,,,,,,,,,,,,,,,,
00-275,,,,,,,,,,,,,,,,,,,,,,,,,,,,,,,
00-276,,,,,,,,,,,,,,,,,,,,,,,,,,,,,,,
00-277,,,,,,,,,,,,,,,,,,,,,,,,,,,,,,,
00-278,,,,,,,,,,,,,,,,,,,,,,,,,,,,,,,
00-279,,,,,,,,,,,,,,,,,,,,,,,,,,,,,,,
00-280,,,,,,,,,,,,,,,,,,,,,,,,,,,,,,,
00-281,,,,,,,,,,,,,,,,,,,,,,,,,,,,,,,
00-282,,,,,,,,,,,,,,,,,,,,,,,,,,,,,,,
00-283,,,,,,,,,,,,,,,,,,,,,,,,,,,,,,,
00-284,,,,,,,,,,,,,,,,,,,,,,,,,,,,,,,
00-285,,,,,,,,,,,,,,,,,,,,,,,,,,,,,,,
00-286,,,,,,,,,,,,,,,,,,,,,,,,,,,,,,,
00-287,,,,,,,,,,,,,,,,,,,,,,,,,,,,,,,
00-288,,,,,,,,,,,,,,,,,,,,,,,,,,,,,,,
00-289,,,,,,,,,,,,,,,,,,,,,,,,,,,,,,,
00-290,,,,,,,,,,,,,,,,,,,,,,,,,,,,,,,
00-291,,,,,,,,,,,,,,,,,,,,,,,,,,,,,,,
00-292,,,,,,,,,,,,,,,,,,,,,,,,,,,,,,,
00-293,,,,,,,,,,,,,,,,,,,,,,,,,,,,,,,
00-294,,,,,,,,,,,,,,,,,,,,,,,,,,,,,,,
00-295,,,,,,,,,,,,,,,,,,,,,,,,,,,,,,,
00-296,,,,,,,,,,,,,,,,,,,,,,,,,,,,,,,
00-297,,,,,,,,,,,,,,,,,,,,,,,,,,,,,,,
00-298,,,,,,,,,,,,,,,,,,,,,,,,,,,,,,,
00-299,,,,,,,,,,,,,,,,,,,,,,,,,,,,,,,
00-300,,,,,,,,,,,,,,,,,,,,,,,,,,,,,,,
00-301,,,,,,,,,,,,,,,,,,,,,,,,,,,,,,,
00-302,,,,,,,,,,,,,,,,,,,,,,,,,,,,,,,
00-303,,,,,,,,,,,,,,,,,,,,,,,,,,,,,,,
00-304,,,,,,,,,,,,,,,,,,,,,,,,,,,,,,,
00-305,,,,,,,,,,,,,,,,,,,,,,,,,,,,,,,
00-306,,,,,,,,,,,,,,,,,,,,,,,,,,,,,,,
00-307,,,,,,,,,,,,,,,,,,,,,,,,,,,,,,,
00-308,,,,,,,,,,,,,,,,,,,,,,,,,,,,,,,
00-309,,,,,,,,,,,,,,,,,,,,,,,,,,,,,,,
00-310,,,,,,,,,,,,,,,,,,,,,,,,,,,,,,,
00-311,,,,,,,,,,,,,,,,,,,,,,,,,,,,,,,
00-312,,,,,,,,,,,,,,,,,,,,,,,,,,,,,,,
00-313,,,,,,,,,,,,,,,,,,,,,,,,,,,,,,,
00-314,,,,,,,,,,,,,,,,,,,,,,,,,,,,,,,
00-315,,,,,,,,,,,,,,,,,,,,,,,,,,,,,,,
00-316,,,,,,,,,,,,,,,,,,,,,,,,,,,,,,,
00-317,,,,,,,,,,,,,,,,,,,,,,,,,,,,,,,
00-318,,,,,,,,,,,,,,,,,,,,,,,,,,,,,,,
00-319,,,,,,,,,,,,,,,,,,,,,,,,,,,,,,,
00-320,,,,,,,,,,,,,,,,,,,,,,,,,,,,,,,
00-321,,,,,,,,,,,,,,,,,,,,,,,,,,,,,,,
00-322,,,,,,,,,,,,,,,,,,,,,,,,,,,,,,,
00-323,,,,,,,,,,,,,,,,,,,,,,,,,,,,,,,
00-324,,,,,,,,,,,,,,,,,,,,,,,,,,,,,,,
00-325,,,,,,,,,,,,,,,,,,,,,,,,,,,,,,,
00-326,,,,,,,,,,,,,,,,,,,,,,,,,,,,,,,
00-327,,,,,,,,,,,,,,,,,,,,,,,,,,,,,,,
00-328,,,,,,,,,,,,,,,,,,,,,,,,,,,,,,,
00-329,,,,,,,,,,,,,,,,,,,,,,,,,,,,,,,
00-330,,,,,,,,,,,,,,,,,,,,,,,,,,,,,,,
00-331,,,,,,,,,,,,,,,,,,,,,,,,,,,,,,,
00-332,,,,,,,,,,,,,,,,,,,,,,,,,,,,,,,
00-333,,,,,,,,,,,,,,,,,,,,,,,,,,,,,,,
00-334,,,,,,,,,,,,,,,,,,,,,,,,,,,,,,,
00-335,,,,,,,,,,,,,,,,,,,,,,,,,,,,,,,
00-336,,,,,,,,,,,,,,,,,,,,,,,,,,,,,,,
00-337,,,,,,,,,,,,,,,,,,,,,,,,,,,,,,,
00-338,,,,,,,,,,,,,,,,,,,,,,,,,,,,,,,
00-339,,,,,,,,,,,,,,,,,,,,,,,,,,,,,,,
00-340,,,,,,,,,,,,,,,,,,,,,,,,,,,,,,,
00-341,,,,,,,,,,,,,,,,,,,,,,,,,,,,,,,
00-342,,,,,,,,,,,,,,,,,,,,,,,,,,,,,,,
00-343,,,,,,,,,,,,,,,,,,,,,,,,,,,,,,,
00-344,,,,,,,,,,,,,,,,,,,,,,,,,,,,,,,
00-345,,,,,,,,,,,,,,,,,,,,,,,,,,,,,,,
00-346,,,,,,,,,,,,,,,,,,,,,,,,,,,,,,,
00-347,,,,,,,,,,,,,,,,,,,,,,,,,,,,,,,
00-348,,,,,,,,,,,,,,,,,,,,,,,,,,,,,,,
00-349,,,,,,,,,,,,,,,,,,,,,,,,,,,,,,,
00-350,,,,,,,,,,,,,,,,,,,,,,,,,,,,,,,
00-351,,,,,,,,,,,,,,,,,,,,,,,,,,,,,,,
00-352,,,,,,,,,,,,,,,,,,,,,,,,,,,,,,,
00-353,,,,,,,,,,,,,,,,,,,,,,,,,,,,,,,
00-354,,,,,,,,,,,,,,,,,,,,,,,,,,,,,,,
00-355,,,,,,,,,,,,,,,,,,,,,,,,,,,,,,,
00-356,,,,,,,,,,,,,,,,,,,,,,,,,,,,,,,
00-357,,,,,,,,,,,,,,,,,,,,,,,,,,,,,,,
00-358,,,,,,,,,,,,,,,,,,,,,,,,,,,,,,,
00-359,,,,,,,,,,,,,,,,,,,,,,,,,,,,,,,
00-360,,,,,,,,,,,,,,,,,,,,,,,,,,,,,,,
00-361,,,,,,,,,,,,,,,,,,,,,,,,,,,,,,,
00-362,,,,,,,,,,,,,,,,,,,,,,,,,,,,,,,
00-363,,,,,,,,,,,,,,,,,,,,,,,,,,,,,,,
00-364,,,,,,,,,,,,,,,,,,,,,,,,,,,,,,,
00-365,,,,,,,,,,,,,,,,,,,,,,,,,,,,,,,
00-366,,,,,,,,,,,,,,,,,,,,,,,,,,,,,,,
00-367,,,,,,,,,,,,,,,,,,,,,,,,,,,,,,,
00-368,,,,,,,,,,,,,,,,,,,,,,,,,,,,,,,
00-369,,,,,,,,,,,,,,,,,,,,,,,,,,,,,,,
00-370,,,,,,,,,,,,,,,,,,,,,,,,,,,,,,,
00-371,,,,,,,,,,,,,,,,,,,,,,,,,,,,,,,
00-372,,,,,,,,,,,,,,,,,,,,,,,,,,,,,,,
00-373,,,,,,,,,,,,,,,,,,,,,,,,,,,,,,,
00-374,,,,,,,,,,,,,,,,,,,,,,,,,,,,,,,
00-375,,,,,,,,,,,,,,,,,,,,,,,,,,,,,,,
00-376,,,,,,,,,,,,,,,,,,,,,,,,,,,,,,,
00-377,,,,,,,,,,,,,,,,,,,,,,,,,,,,,,,
00-378,,,,,,,,,,,,,,,,,,,,,,,,,,,,,,,
00-379,,,,,,,,,,,,,,,,,,,,,,,,,,,,,,,
00-380,,,,,,,,,,,,,,,,,,,,,,,,,,,,,,,
00-381,,,,,,,,,,,,,,,,,,,,,,,,,,,,,,,
00-382,,,,,,,,,,,,,,,,,,,,,,,,,,,,,,,
00-383,,,,,,,,,,,,,,,,,,,,,,,,,,,,,,,
00-384,,,,,,,,,,,,,,,,,,,,,,,,,,,,,,,
00-385,,,,,,,,,,,,,,,,,,,,,,,,,,,,,,,
00-386,,,,,,,,,,,,,,,,,,,,,,,,,,,,,,,
00-387,,,,,,,,,,,,,,,,,,,,,,,,,,,,,,,
00-388,,,,,,,,,,,,,,,,,,,,,,,,,,,,,,,
00-389,,,,,,,,,,,,,,,,,,,,,,,,,,,,,,,
00-390,,,,,,,,,,,,,,,,,,,,,,,,,,,,,,,
00-391,,,,,,,,,,,,,,,,,,,,,,,,,,,,,,,
00-392,,,,,,,,,,,,,,,,,,,,,,,,,,,,,,,
00-393,,,,,,,,,,,,,,,,,,,,,,,,,,,,,,,
00-394,,,,,,,,,,,,,,,,,,,,,,,,,,,,,,,
00-395,,,,,,,,,,,,,,,,,,,,,,,,,,,,,,,
00-396,,,,,,,,,,,,,,,,,,,,,,,,,,,,,,,
00-397,,,,,,,,,,,,,,,,,,,,,,,,,,,,,,,
00-398,,,,,,,,,,,,,,,,,,,,,,,,,,,,,,,
00-399,,,,,,,,,,,,,,,,,,,,,,,,,,,,,,,
00-400,,,,,,,,,,,,,,,,,,,,,,,,,,,,,,,
00-401,,,,,,,,,,,,,,,,,,,,,,,,,,,,,,,
00-402,,,,,,,,,,,,,,,,,,,,,,,,,,,,,,,
00-403,,,,,,,,,,,,,,,,,,,,,,,,,,,,,,,
00-404,,,,,,,,,,,,,,,,,,,,,,,,,,,,,,,
00-405,,,,,,,,,,,,,,,,,,,,,,,,,,,,,,,
00-406,,,,,,,,,,,,,,,,,,,,,,,,,,,,,,,
00-407,,,,,,,,,,,,,,,,,,,,,,,,,,,,,,,
00-408,,,,,,,,,,,,,,,,,,,,,,,,,,,,,,,
00-409,,,,,,,,,,,,,,,,,,,,,,,,,,,,,,,
00-410,,,,,,,,,,,,,,,,,,,,,,,,,,,,,,,
00-411,,,,,,,,,,,,,,,,,,,,,,,,,,,,,,,
00-412,,,,,,,,,,,,,,,,,,,,,,,,,,,,,,,
00-413,,,,,,,,,,,,,,,,,,,,,,,,,,,,,,,
00-414,,,,,,,,,,,,,,,,,,,,,,,,,,,,,,,
00-415,,,,,,,,,,,,,,,,,,,,,,,,,,,,,,,
00-416,,,,,,,,,,,,,,,,,,,,,,,,,,,,,,,
00-417,,,,,,,,,,,,,,,,,,,,,,,,,,,,,,,
00-418,,,,,,,,,,,,,,,,,,,,,,,,,,,,,,,
00-419,,,,,,,,,,,,,,,,,,,,,,,,,,,,,,,
00-420,,,,,,,,,,,,,,,,,,,,,,,,,,,,,,,
00-421,,,,,,,,,,,,,,,,,,,,,,,,,,,,,,,
00-422,,,,,,,,,,,,,,,,,,,,,,,,,,,,,,,
00-423,,,,,,,,,,,,,,,,,,,,,,,,,,,,,,,
00-424,,,,,,,,,,,,,,,,,,,,,,,,,,,,,,,
00-425,,,,,,,,,,,,,,,,,,,,,,,,,,,,,,,
00-426,,,,,,,,,,,,,,,,,,,,,,,,,,,,,,,
00-427,,,,,,,,,,,,,,,,,,,,,,,,,,,,,,,
00-428,,,,,,,,,,,,,,,,,,,,,,,,,,,,,,,
00-429,,,,,,,,,,,,,,,,,,,,,,,,,,,,,,,
00-430,,,,,,,,,,,,,,,,,,,,,,,,,,,,,,,
00-431,,,,,,,,,,,,,,,,,,,,,,,,,,,,,,,
00-432,,,,,,,,,,,,,,,,,,,,,,,,,,,,,,,
00-433,,,,,,,,,,,,,,,,,,,,,,,,,,,,,,,
00-434,,,,,,,,,,,,,,,,,,,,,,,,,,,,,,,
00-435,,,,,,,,,,,,,,,,,,,,,,,,,,,,,,,
00-436,,,,,,,,,,,,,,,,,,,,,,,,,,,,,,,
00-437,,,,,,,,,,,,,,,,,,,,,,,,,,,,,,,
00-438,,,,,,,,,,,,,,,,,,,,,,,,,,,,,,,
00-439,,,,,,,,,,,,,,,,,,,,,,,,,,,,,,,
00-440,,,,,,,,,,,,,,,,,,,,,,,,,,,,,,,
00-441,,,,,,,,,,,,,,,,,,,,,,,,,,,,,,,
00-442,,,,,,,,,,,,,,,,,,,,,,,,,,,,,,,
00-443,,,,,,,,,,,,,,,,,,,,,,,,,,,,,,,
00-444,,,,,,,,,,,,,,,,,,,,,,,,,,,,,,,
00-445,,,,,,,,,,,,,,,,,,,,,,,,,,,,,,,
00-446,,,,,,,,,,,,,,,,,,,,,,,,,,,,,,,
00-447,,,,,,,,,,,,,,,,,,,,,,,,,,,,,,,
00-448,,,,,,,,,,,,,,,,,,,,,,,,,,,,,,,
00-449,,,,,,,,,,,,,,,,,,,,,,,,,,,,,,,
00-450,,,,,,,,,,,,,,,,,,,,,,,,,,,,,,,
00-451,,,,,,,,,,,,,,,,,,,,,,,,,,,,,,,
00-452,,,,,,,,,,,,,,,,,,,,,,,,,,,,,,,
00-453,,,,,,,,,,,,,,,,,,,,,,,,,,,,,,,
00-454,,,,,,,,,,,,,,,,,,,,,,,,,,,,,,,
00-455,,,,,,,,,,,,,,,,,,,,,,,,,,,,,,,
00-456,,,,,,,,,,,,,,,,,,,,,,,,,,,,,,,
00-457,,,,,,,,,,,,,,,,,,,,,,,,,,,,,,,
00-458,,,,,,,,,,,,,,,,,,,,,,,,,,,,,,,
00-459,,,,,,,,,,,,,,,,,,,,,,,,,,,,,,,
00-460,,,,,,,,,,,,,,,,,,,,,,,,,,,,,,,
00-461,,,,,,,,,,,,,,,,,,,,,,,,,,,,,,,
00-462,,,,,,,,,,,,,,,,,,,,,,,,,,,,,,,
00-463,,,,,,,,,,,,,,,,,,,,,,,,,,,,,,,
00-464,,,,,,,,,,,,,,,,,,,,,,,,,,,,,,,
00-465,,,,,,,,,,,,,,,,,,,,,,,,,,,,,,,
00-466,,,,,,,,,,,,,,,,,,,,,,,,,,,,,,,
00-467,,,,,,,,,,,,,,,,,,,,,,,,,,,,,,,
00-468,,,,,,,,,,,,,,,,,,,,,,,,,,,,,,,
00-469,,,,,,,,,,,,,,,,,,,,,,,,,,,,,,,
00-470,,,,,,,,,,,,,,,,,,,,,,,,,,,,,,,
00-471,,,,,,,,,,,,,,,,,,,,,,,,,,,,,,,
00-472,,,,,,,,,,,,,,,,,,,,,,,,,,,,,,,
00-473,,,,,,,,,,,,,,,,,,,,,,,,,,,,,,,
00-474,,,,,,,,,,,,,,,,,,,,,,,,,,,,,,,
00-475,,,,,,,,,,,,,,,,,,,,,,,,,,,,,,,
00-476,,,,,,,,,,,,,,,,,,,,,,,,,,,,,,,
00-477,,,,,,,,,,,,,,,,,,,,,,,,,,,,,,,
00-478,,,,,,,,,,,,,,,,,,,,,,,,,,,,,,,
00-479,,,,,,,,,,,,,,,,,,,,,,,,,,,,,,,
00-480,,,,,,,,,,,,,,,,,,,,,,,,,,,,,,,
00-481,,,,,,,,,,,,,,,,,,,,,,,,,,,,,,,
00-482,,,,,,,,,,,,,,,,,,,,,,,,,,,,,,,
00-483,,,,,,,,,,,,,,,,,,,,,,,,,,,,,,,
00-484,,,,,,,,,,,,,,,,,,,,,,,,,,,,,,,
00-485,,,,,,,,,,,,,,,,,,,,,,,,,,,,,,,
00-486,,,,,,,,,,,,,,,,,,,,,,,,,,,,,,,
00-487,,,,,,,,,,,,,,,,,,,,,,,,,,,,,,,
00-488,,,,,,,,,,,,,,,,,,,,,,,,,,,,,,,
00-489,,,,,,,,,,,,,,,,,,,,,,,,,,,,,,,
00-490,,,,,,,,,,,,,,,,,,,,,,,,,,,,,,,
00-491,,,,,,,,,,,,,,,,,,,,,,,,,,,,,,,
00-492,,,,,,,,,,,,,,,,,,,,,,,,,,,,,,,
00-493,,,,,,,,,,,,,,,,,,,,,,,,,,,,,,,
00-494,,,,,,,,,,,,,,,,,,,,,,,,,,,,,,,
00-495,,,,,,,,,,,,,,,,,,,,,,,,,,,,,,,
00-496,,,,,,,,,,,,,,,,,,,,,,,,,,,,,,,
00-497,,,,,,,,,,,,,,,,,,,,,,,,,,,,,,,
00-498,,,,,,,,,,,,,,,,,,,,,,,,,,,,,,,
00-499,,,,,,,,,,,,,,,,,,,,,,,,,,,,,,,
00-500,,,,,,,,,,,,,,,,,,,,,,,,,,,,,,,
00-501,,,,,,,,,,,,,,,,,,,,,,,,,,,,,,,
00-502,,,,,,,,,,,,,,,,,,,,,,,,,,,,,,,
00-503,,,,,,,,,,,,,,,,,,,,,,,,,,,,,,,
00-504,,,,,,,,,,,,,,,,,,,,,,,,,,,,,,,
00-505,,,,,,,,,,,,,,,,,,,,,,,,,,,,,,,
00-506,,,,,,,,,,,,,,,,,,,,,,,,,,,,,,,
00-507,,,,,,,,,,,,,,,,,,,,,,,,,,,,,,,
00-508,,,,,,,,,,,,,,,,,,,,,,,,,,,,,,,
00-509,,,,,,,,,,,,,,,,,,,,,,,,,,,,,,,
00-510,,,,,,,,,,,,,,,,,,,,,,,,,,,,,,,
00-511,,,,,,,,,,,,,,,,,,,,,,,,,,,,,,,
00-512,,,,,,,,,,,,,,,,,,,,,,,,,,,,,,,
00-513,,,,,,,,,,,,,,,,,,,,,,,,,,,,,,,
00-514,,,,,,,,,,,,,,,,,,,,,,,,,,,,,,,
00-515,,,,,,,,,,,,,,,,,,,,,,,,,,,,,,,
00-516,,,,,,,,,,,,,,,,,,,,,,,,,,,,,,,
00-517,,,,,,,,,,,,,,,,,,,,,,,,,,,,,,,
00-518,,,,,,,,,,,,,,,,,,,,,,,,,,,,,,,
00-519,,,,,,,,,,,,,,,,,,,,,,,,,,,,,,,
00-520,,,,,,,,,,,,,,,,,,,,,,,,,,,,,,,
00-521,,,,,,,,,,,,,,,,,,,,,,,,,,,,,,,
00-522,,,,,,,,,,,,,,,,,,,,,,,,,,,,,,,
00-523,,,,,,,,,,,,,,,,,,,,,,,,,,,,,,,
00-524,,,,,,,,,,,,,,,,,,,,,,,,,,,,,,,
00-525,,,,,,,,,,,,,,,,,,,,,,,,,,,,,,,
00-526,,,,,,,,,,,,,,,,,,,,,,,,,,,,,,,
00-527,,,,,,,,,,,,,,,,,,,,,,,,,,,,,,,
00-528,,,,,,,,,,,,,,,,,,,,,,,,,,,,,,,
00-529,,,,,,,,,,,,,,,,,,,,,,,,,,,,,,,
00-530,,,,,,,,,,,,,,,,,,,,,,,,,,,,,,,
00-531,,,,,,,,,,,,,,,,,,,,,,,,,,,,,,,
00-532,,,,,,,,,,,,,,,,,,,,,,,,,,,,,,,
00-533,,,,,,,,,,,,,,,,,,,,,,,,,,,,,,,
00-534,,,,,,,,,,,,,,,,,,,,,,,,,,,,,,,
00-535,,,,,,,,,,,,,,,,,,,,,,,,,,,,,,,
00-536,,,,,,,,,,,,,,,,,,,,,,,,,,,,,,,
00-537,,,,,,,,,,,,,,,,,,,,,,,,,,,,,,,
00-538,,,,,,,,,,,,,,,,,,,,,,,,,,,,,,,
00-539,,,,,,,,,,,,,,,,,,,,,,,,,,,,,,,
00-540,,,,,,,,,,,,,,,,,,,,,,,,,,,,,,,
00-541,,,,,,,,,,,,,,,,,,,,,,,,,,,,,,,
00-542,,,,,,,,,,,,,,,,,,,,,,,,,,,,,,,
00-543,,,,,,,,,,,,,,,,,,,,,,,,,,,,,,,
00-544,,,,,,,,,,,,,,,,,,,,,,,,,,,,,,,
00-545,,,,,,,,,,,,,,,,,,,,,,,,,,,,,,,
00-546,,,,,,,,,,,,,,,,,,,,,,,,,,,,,,,
00-547,,,,,,,,,,,,,,,,,,,,,,,,,,,,,,,
00-548,,,,,,,,,,,,,,,,,,,,,,,,,,,,,,,
00-549,,,,,,,,,,,,,,,,,,,,,,,,,,,,,,,
00-550,,,,,,,,,,,,,,,,,,,,,,,,,,,,,,,
00-551,,,,,,,,,,,,,,,,,,,,,,,,,,,,,,,
00-552,,,,,,,,,,,,,,,,,,,,,,,,,,,,,,,
00-553,,,,,,,,,,,,,,,,,,,,,,,,,,,,,,,
00-554,,,,,,,,,,,,,,,,,,,,,,,,,,,,,,,
00-555,,,,,,,,,,,,,,,,,,,,,,,,,,,,,,,
00-556,,,,,,,,,,,,,,,,,,,,,,,,,,,,,,,
00-557,,,,,,,,,,,,,,,,,,,,,,,,,,,,,,,
00-558,,,,,,,,,,,,,,,,,,,,,,,,,,,,,,,
00-559,,,,,,,,,,,,,,,,,,,,,,,,,,,,,,,
00-560,,,,,,,,,,,,,,,,,,,,,,,,,,,,,,,
00-561,,,,,,,,,,,,,,,,,,,,,,,,,,,,,,,
00-562,,,,,,,,,,,,,,,,,,,,,,,,,,,,,,,
00-563,,,,,,,,,,,,,,,,,,,,,,,,,,,,,,,
00-564,,,,,,,,,,,,,,,,,,,,,,,,,,,,,,,
00-565,,,,,,,,,,,,,,,,,,,,,,,,,,,,,,,
00-566,,,,,,,,,,,,,,,,,,,,,,,,,,,,,,,
00-567,,,,,,,,,,,,,,,,,,,,,,,,,,,,,,,
00-568,,,,,,,,,,,,,,,,,,,,,,,,,,,,,,,
00-569,,,,,,,,,,,,,,,,,,,,,,,,,,,,,,,
00-570,,,,,,,,,,,,,,,,,,,,,,,,,,,,,,,
00-571,,,,,,,,,,,,,,,,,,,,,,,,,,,,,,,
00-572,,,,,,,,,,,,,,,,,,,,,,,,,,,,,,,
00-573,,,,,,,,,,,,,,,,,,,,,,,,,,,,,,,
00-574,,,,,,,,,,,,,,,,,,,,,,,,,,,,,,,
00-575,,,,,,,,,,,,,,,,,,,,,,,,,,,,,,,
00-576,,,,,,,,,,,,,,,,,,,,,,,,,,,,,,,
00-577,,,,,,,,,,,,,,,,,,,,,,,,,,,,,,,
00-578,,,,,,,,,,,,,,,,,,,,,,,,,,,,,,,
00-579,,,,,,,,,,,,,,,,,,,,,,,,,,,,,,,
00-580,,,,,,,,,,,,,,,,,,,,,,,,,,,,,,,
00-581,,,,,,,,,,,,,,,,,,,,,,,,,,,,,,,
00-582,,,,,,,,,,,,,,,,,,,,,,,,,,,,,,,
00-583,,,,,,,,,,,,,,,,,,,,,,,,,,,,,,,
00-584,,,,,,,,,,,,,,,,,,,,,,,,,,,,,,,
00-585,,,,,,,,,,,,,,,,,,,,,,,,,,,,,,,
00-586,,,,,,,,,,,,,,,,,,,,,,,,,,,,,,,
00-587,,,,,,,,,,,,,,,,,,,,,,,,,,,,,,,
00-588,,,,,,,,,,,,,,,,,,,,,,,,,,,,,,,
00-589,,,,,,,,,,,,,,,,,,,,,,,,,,,,,,,
00-590,,,,,,,,,,,,,,,,,,,,,,,,,,,,,,,
00-591,,,,,,,,,,,,,,,,,,,,,,,,,,,,,,,
00-592,,,,,,,,,,,,,,,,,,,,,,,,,,,,,,,
00-593,,,,,,,,,,,,,,,,,,,,,,,,,,,,,,,
00-594,,,,,,,,,,,,,,,,,,,,,,,,,,,,,,,
00-595,,,,,,,,,,,,,,,,,,,,,,,,,,,,,,,
00-596,,,,,,,,,,,,,,,,,,,,,,,,,,,,,,,
00-597,,,,,,,,,,,,,,,,,,,,,,,,,,,,,,,
00-598,,,,,,,,,,,,,,,,,,,,,,,,,,,,,,,
00-599,,,,,,,,,,,,,,,,,,,,,,,,,,,,,,,
00-600,,,,,,,,,,,,,,,,,,,,,,,,,,,,,,,
00-601,,,,,,,,,,,,,,,,,,,,,,,,,,,,,,,
00-602,,,,,,,,,,,,,,,,,,,,,,,,,,,,,,,
00-603,,,,,,,,,,,,,,,,,,,,,,,,,,,,,,,
00-604,,,,,,,,,,,,,,,,,,,,,,,,,,,,,,,
00-605,,,,,,,,,,,,,,,,,,,,,,,,,,,,,,,
00-606,,,,,,,,,,,,,,,,,,,,,,,,,,,,,,,
00-607,,,,,,,,,,,,,,,,,,,,,,,,,,,,,,,
00-608,,,,,,,,,,,,,,,,,,,,,,,,,,,,,,,
00-609,,,,,,,,,,,,,,,,,,,,,,,,,,,,,,,
00-610,,,,,,,,,,,,,,,,,,,,,,,,,,,,,,,
00-611,,,,,,,,,,,,,,,,,,,,,,,,,,,,,,,
00-612,,,,,,,,,,,,,,,,,,,,,,,,,,,,,,,
00-613,,,,,,,,,,,,,,,,,,,,,,,,,,,,,,,
00-614,,,,,,,,,,,,,,,,,,,,,,,,,,,,,,,
00-615,,,,,,,,,,,,,,,,,,,,,,,,,,,,,,,
00-616,,,,,,,,,,,,,,,,,,,,,,,,,,,,,,,
00-617,,,,,,,,,,,,,,,,,,,,,,,,,,,,,,,
00-618,,,,,,,,,,,,,,,,,,,,,,,,,,,,,,,
00-619,,,,,,,,,,,,,,,,,,,,,,,,,,,,,,,
00-620,,,,,,,,,,,,,,,,,,,,,,,,,,,,,,,
00-621,,,,,,,,,,,,,,,,,,,,,,,,,,,,,,,
00-622,,,,,,,,,,,,,,,,,,,,,,,,,,,,,,,
00-623,,,,,,,,,,,,,,,,,,,,,,,,,,,,,,,
00-624,,,,,,,,,,,,,,,,,,,,,,,,,,,,,,,
00-625,,,,,,,,,,,,,,,,,,,,,,,,,,,,,,,
00-626,,,,,,,,,,,,,,,,,,,,,,,,,,,,,,,
00-627,,,,,,,,,,,,,,,,,,,,,,,,,,,,,,,
00-628,,,,,,,,,,,,,,,,,,,,,,,,,,,,,,,
00-629,,,,,,,,,,,,,,,,,,,,,,,,,,,,,,,
00-630,,,,,,,,,,,,,,,,,,,,,,,,,,,,,,,
00-631,,,,,,,,,,,,,,,,,,,,,,,,,,,,,,,
00-632,,,,,,,,,,,,,,,,,,,,,,,,,,,,,,,
00-633,,,,,,,,,,,,,,,,,,,,,,,,,,,,,,,
00-634,,,,,,,,,,,,,,,,,,,,,,,,,,,,,,,
00-635,,,,,,,,,,,,,,,,,,,,,,,,,,,,,,,
00-636,,,,,,,,,,,,,,,,,,,,,,,,,,,,,,,
00-637,,,,,,,,,,,,,,,,,,,,,,,,,,,,,,,
00-638,,,,,,,,,,,,,,,,,,,,,,,,,,,,,,,
00-639,,,,,,,,,,,,,,,,,,,,,,,,,,,,,,,
00-640,,,,,,,,,,,,,,,,,,,,,,,,,,,,,,,
00-641,,,,,,,,,,,,,,,,,,,,,,,,,,,,,,,
00-642,,,,,,,,,,,,,,,,,,,,,,,,,,,,,,,
00-643,,,,,,,,,,,,,,,,,,,,,,,,,,,,,,,
00-644,,,,,,,,,,,,,,,,,,,,,,,,,,,,,,,
00-645,,,,,,,,,,,,,,,,,,,,,,,,,,,,,,,
00-646,,,,,,,,,,,,,,,,,,,,,,,,,,,,,,,
00-647,,,,,,,,,,,,,,,,,,,,,,,,,,,,,,,
00-648,,,,,,,,,,,,,,,,,,,,,,,,,,,,,,,
00-649,,,,,,,,,,,,,,,,,,,,,,,,,,,,,,,
00-650,,,,,,,,,,,,,,,,,,,,,,,,,,,,,,,
00-651,,,,,,,,,,,,,,,,,,,,,,,,,,,,,,,
00-652,,,,,,,,,,,,,,,,,,,,,,,,,,,,,,,
00-653,,,,,,,,,,,,,,,,,,,,,,,,,,,,,,,
00-654,,,,,,,,,,,,,,,,,,,,,,,,,,,,,,,
00-655,,,,,,,,,,,,,,,,,,,,,,,,,,,,,,,
00-656,,,,,,,,,,,,,,,,,,,,,,,,,,,,,,,
00-657,,,,,,,,,,,,,,,,,,,,,,,,,,,,,,,
00-658,,,,,,,,,,,,,,,,,,,,,,,,,,,,,,,
00-659,,,,,,,,,,,,,,,,,,,,,,,,,,,,,,,
00-660,,,,,,,,,,,,,,,,,,,,,,,,,,,,,,,
00-661,,,,,,,,,,,,,,,,,,,,,,,,,,,,,,,
00-662,,,,,,,,,,,,,,,,,,,,,,,,,,,,,,,
00-663,,,,,,,,,,,,,,,,,,,,,,,,,,,,,,,
00-664,,,,,,,,,,,,,,,,,,,,,,,,,,,,,,,
00-665,,,,,,,,,,,,,,,,,,,,,,,,,,,,,,,
00-666,,,,,,,,,,,,,,,,,,,,,,,,,,,,,,,
00-667,,,,,,,,,,,,,,,,,,,,,,,,,,,,,,,
00-668,,,,,,,,,,,,,,,,,,,,,,,,,,,,,,,
00-669,,,,,,,,,,,,,,,,,,,,,,,,,,,,,,,
00-670,,,,,,,,,,,,,,,,,,,,,,,,,,,,,,,
00-671,,,,,,,,,,,,,,,,,,,,,,,,,,,,,,,
00-672,,,,,,,,,,,,,,,,,,,,,,,,,,,,,,,
00-673,,,,,,,,,,,,,,,,,,,,,,,,,,,,,,,
00-674,,,,,,,,,,,,,,,,,,,,,,,,,,,,,,,
00-675,,,,,,,,,,,,,,,,,,,,,,,,,,,,,,,
00-676,,,,,,,,,,,,,,,,,,,,,,,,,,,,,,,
00-677,,,,,,,,,,,,,,,,,,,,,,,,,,,,,,,
00-678,,,,,,,,,,,,,,,,,,,,,,,,,,,,,,,
00-679,,,,,,,,,,,,,,,,,,,,,,,,,,,,,,,
00-680,,,,,,,,,,,,,,,,,,,,,,,,,,,,,,,
00-681,,,,,,,,,,,,,,,,,,,,,,,,,,,,,,,
00-682,,,,,,,,,,,,,,,,,,,,,,,,,,,,,,,
00-683,,,,,,,,,,,,,,,,,,,,,,,,,,,,,,,
00-684,,,,,,,,,,,,,,,,,,,,,,,,,,,,,,,
00-685,,,,,,,,,,,,,,,,,,,,,,,,,,,,,,,
00-686,,,,,,,,,,,,,,,,,,,,,,,,,,,,,,,
00-687,,,,,,,,,,,,,,,,,,,,,,,,,,,,,,,
00-688,,,,,,,,,,,,,,,,,,,,,,,,,,,,,,,
00-689,,,,,,,,,,,,,,,,,,,,,,,,,,,,,,,
00-690,,,,,,,,,,,,,,,,,,,,,,,,,,,,,,,
00-691,,,,,,,,,,,,,,,,,,,,,,,,,,,,,,,
00-692,,,,,,,,,,,,,,,,,,,,,,,,,,,,,,,
00-693,,,,,,,,,,,,,,,,,,,,,,,,,,,,,,,
00-694,,,,,,,,,,,,,,,,,,,,,,,,,,,,,,,
00-695,,,,,,,,,,,,,,,,,,,,,,,,,,,,,,,
00-696,,,,,,,,,,,,,,,,,,,,,,,,,,,,,,,
00-697,,,,,,,,,,,,,,,,,,,,,,,,,,,,,,,
00-698,,,,,,,,,,,,,,,,,,,,,,,,,,,,,,,
00-699,,,,,,,,,,,,,,,,,,,,,,,,,,,,,,,
00-700,,,,,,,,,,,,,,,,,,,,,,,,,,,,,,,
00-701,,,,,,,,,,,,,,,,,,,,,,,,,,,,,,,
00-702,,,,,,,,,,,,,,,,,,,,,,,,,,,,,,,
00-703,,,,,,,,,,,,,,,,,,,,,,,,,,,,,,,
00-704,,,,,,,,,,,,,,,,,,,,,,,,,,,,,,,
00-705,,,,,,,,,,,,,,,,,,,,,,,,,,,,,,,
00-706,,,,,,,,,,,,,,,,,,,,,,,,,,,,,,,
00-707,,,,,,,,,,,,,,,,,,,,,,,,,,,,,,,
00-708,,,,,,,,,,,,,,,,,,,,,,,,,,,,,,,
00-709,,,,,,,,,,,,,,,,,,,,,,,,,,,,,,,
00-710,,,,,,,,,,,,,,,,,,,,,,,,,,,,,,,
00-711,,,,,,,,,,,,,,,,,,,,,,,,,,,,,,,
00-712,,,,,,,,,,,,,,,,,,,,,,,,,,,,,,,
00-713,,,,,,,,,,,,,,,,,,,,,,,,,,,,,,,
00-714,,,,,,,,,,,,,,,,,,,,,,,,,,,,,,,
00-715,,,,,,,,,,,,,,,,,,,,,,,,,,,,,,,
00-716,,,,,,,,,,,,,,,,,,,,,,,,,,,,,,,
00-717,,,,,,,,,,,,,,,,,,,,,,,,,,,,,,,
00-718,,,,,,,,,,,,,,,,,,,,,,,,,,,,,,,
00-719,,,,,,,,,,,,,,,,,,,,,,,,,,,,,,,
00-720,,,,,,,,,,,,,,,,,,,,,,,,,,,,,,,
00-721,,,,,,,,,,,,,,,,,,,,,,,,,,,,,,,
00-722,,,,,,,,,,,,,,,,,,,,,,,,,,,,,,,
00-723,,,,,,,,,,,,,,,,,,,,,,,,,,,,,,,
00-724,,,,,,,,,,,,,,,,,,,,,,,,,,,,,,,
00-725,,,,,,,,,,,,,,,,,,,,,,,,,,,,,,,
00-726,,,,,,,,,,,,,,,,,,,,,,,,,,,,,,,
00-727,,,,,,,,,,,,,,,,,,,,,,,,,,,,,,,
00-728,,,,,,,,,,,,,,,,,,,,,,,,,,,,,,,
00-729,,,,,,,,,,,,,,,,,,,,,,,,,,,,,,,
00-730,,,,,,,,,,,,,,,,,,,,,,,,,,,,,,,
00-731,,,,,,,,,,,,,,,,,,,,,,,,,,,,,,,
00-732,,,,,,,,,,,,,,,,,,,,,,,,,,,,,,,
00-733,,,,,,,,,,,,,,,,,,,,,,,,,,,,,,,
00-734,,,,,,,,,,,,,,,,,,,,,,,,,,,,,,,
00-735,,,,,,,,,,,,,,,,,,,,,,,,,,,,,,,
00-736,,,,,,,,,,,,,,,,,,,,,,,,,,,,,,,
00-737,,,,,,,,,,,,,,,,,,,,,,,,,,,,,,,
00-738,,,,,,,,,,,,,,,,,,,,,,,,,,,,,,,
00-739,,,,,,,,,,,,,,,,,,,,,,,,,,,,,,,
00-740,,,,,,,,,,,,,,,,,,,,,,,,,,,,,,,
00-741,,,,,,,,,,,,,,,,,,,,,,,,,,,,,,,
00-742,,,,,,,,,,,,,,,,,,,,,,,,,,,,,,,
00-743,,,,,,,,,,,,,,,,,,,,,,,,,,,,,,,
00-744,,,,,,,,,,,,,,,,,,,,,,,,,,,,,,,
00-745,,,,,,,,,,,,,,,,,,,,,,,,,,,,,,,
00-746,,,,,,,,,,,,,,,,,,,,,,,,,,,,,,,
00-747,,,,,,,,,,,,,,,,,,,,,,,,,,,,,,,
00-748,,,,,,,,,,,,,,,,,,,,,,,,,,,,,,,
00-749,,,,,,,,,,,,,,,,,,,,,,,,,,,,,,,
00-750,,,,,,,,,,,,,,,,,,,,,,,,,,,,,,,
00-751,,,,,,,,,,,,,,,,,,,,,,,,,,,,,,,
00-752,,,,,,,,,,,,,,,,,,,,,,,,,,,,,,,
00-753,,,,,,,,,,,,,,,,,,,,,,,,,,,,,,,
00-754,,,,,,,,,,,,,,,,,,,,,,,,,,,,,,,
00-755,,,,,,,,,,,,,,,,,,,,,,,,,,,,,,,
00-756,,,,,,,,,,,,,,,,,,,,,,,,,,,,,,,
00-757,,,,,,,,,,,,,,,,,,,,,,,,,,,,,,,
00-758,,,,,,,,,,,,,,,,,,,,,,,,,,,,,,,
00-759,,,,,,,,,,,,,,,,,,,,,,,,,,,,,,,
00-760,,,,,,,,,,,,,,,,,,,,,,,,,,,,,,,
00-761,,,,,,,,,,,,,,,,,,,,,,,,,,,,,,,
00-762,,,,,,,,,,,,,,,,,,,,,,,,,,,,,,,
00-763,,,,,,,,,,,,,,,,,,,,,,,,,,,,,,,
00-764,,,,,,,,,,,,,,,,,,,,,,,,,,,,,,,
00-765,,,,,,,,,,,,,,,,,,,,,,,,,,,,,,,
00-766,,,,,,,,,,,,,,,,,,,,,,,,,,,,,,,
00-767,,,,,,,,,,,,,,,,,,,,,,,,,,,,,,,
00-768,,,,,,,,,,,,,,,,,,,,,,,,,,,,,,,
00-769,,,,,,,,,,,,,,,,,,,,,,,,,,,,,,,
00-770,,,,,,,,,,,,,,,,,,,,,,,,,,,,,,,
00-771,,,,,,,,,,,,,,,,,,,,,,,,,,,,,,,
00-772,,,,,,,,,,,,,,,,,,,,,,,,,,,,,,,
00-773,,,,,,,,,,,,,,,,,,,,,,,,,,,,,,,
00-774,,,,,,,,,,,,,,,,,,,,,,,,,,,,,,,
00-775,,,,,,,,,,,,,,,,,,,,,,,,,,,,,,,
00-776,,,,,,,,,,,,,,,,,,,,,,,,,,,,,,,
00-777,,,,,,,,,,,,,,,,,,,,,,,,,,,,,,,
00-778,,,,,,,,,,,,,,,,,,,,,,,,,,,,,,,
00-779,,,,,,,,,,,,,,,,,,,,,,,,,,,,,,,
00-780,,,,,,,,,,,,,,,,,,,,,,,,,,,,,,,
00-781,,,,,,,,,,,,,,,,,,,,,,,,,,,,,,,
00-782,,,,,,,,,,,,,,,,,,,,,,,,,,,,,,,
00-783,,,,,,,,,,,,,,,,,,,,,,,,,,,,,,,
00-784,,,,,,,,,,,,,,,,,,,,,,,,,,,,,,,
00-785,,,,,,,,,,,,,,,,,,,,,,,,,,,,,,,
00-786,,,,,,,,,,,,,,,,,,,,,,,,,,,,,,,
00-787,,,,,,,,,,,,,,,,,,,,,,,,,,,,,,,
00-788,,,,,,,,,,,,,,,,,,,,,,,,,,,,,,,
00-789,,,,,,,,,,,,,,,,,,,,,,,,,,,,,,,
00-790,,,,,,,,,,,,,,,,,,,,,,,,,,,,,,,
00-791,,,,,,,,,,,,,,,,,,,,,,,,,,,,,,,
00-792,,,,,,,,,,,,,,,,,,,,,,,,,,,,,,,
00-793,,,,,,,,,,,,,,,,,,,,,,,,,,,,,,,
00-794,,,,,,,,,,,,,,,,,,,,,,,,,,,,,,,
00-795,,,,,,,,,,,,,,,,,,,,,,,,,,,,,,,
00-796,,,,,,,,,,,,,,,,,,,,,,,,,,,,,,,
00-797,,,,,,,,,,,,,,,,,,,,,,,,,,,,,,,
00-798,,,,,,,,,,,,,,,,,,,,,,,,,,,,,,,
00-799,,,,,,,,,,,,,,,,,,,,,,,,,,,,,,,
00-800,,,,,,,,,,,,,,,,,,,,,,,,,,,,,,,
00-801,,,,,,,,,,,,,,,,,,,,,,,,,,,,,,,
00-802,,,,,,,,,,,,,,,,,,,,,,,,,,,,,,,
00-803,,,,,,,,,,,,,,,,,,,,,,,,,,,,,,,
00-804,,,,,,,,,,,,,,,,,,,,,,,,,,,,,,,
00-805,,,,,,,,,,,,,,,,,,,,,,,,,,,,,,,
00-806,,,,,,,,,,,,,,,,,,,,,,,,,,,,,,,
00-807,,,,,,,,,,,,,,,,,,,,,,,,,,,,,,,
00-808,,,,,,,,,,,,,,,,,,,,,,,,,,,,,,,
00-809,,,,,,,,,,,,,,,,,,,,,,,,,,,,,,,
00-810,,,,,,,,,,,,,,,,,,,,,,,,,,,,,,,
00-811,,,,,,,,,,,,,,,,,,,,,,,,,,,,,,,
00-812,,,,,,,,,,,,,,,,,,,,,,,,,,,,,,,
00-813,,,,,,,,,,,,,,,,,,,,,,,,,,,,,,,
00-814,,,,,,,,,,,,,,,,,,,,,,,,,,,,,,,
00-815,,,,,,,,,,,,,,,,,,,,,,,,,,,,,,,
00-816,,,,,,,,,,,,,,,,,,,,,,,,,,,,,,,
00-817,,,,,,,,,,,,,,,,,,,,,,,,,,,,,,,
00-818,,,,,,,,,,,,,,,,,,,,,,,,,,,,,,,
00-819,,,,,,,,,,,,,,,,,,,,,,,,,,,,,,,
00-820,,,,,,,,,,,,,,,,,,,,,,,,,,,,,,,
00-821,,,,,,,,,,,,,,,,,,,,,,,,,,,,,,,
00-822,,,,,,,,,,,,,,,,,,,,,,,,,,,,,,,
00-823,,,,,,,,,,,,,,,,,,,,,,,,,,,,,,,
00-824,,,,,,,,,,,,,,,,,,,,,,,,,,,,,,,
00-825,,,,,,,,,,,,,,,,,,,,,,,,,,,,,,,
00-826,,,,,,,,,,,,,,,,,,,,,,,,,,,,,,,
00-827,,,,,,,,,,,,,,,,,,,,,,,,,,,,,,,
00-828,,,,,,,,,,,,,,,,,,,,,,,,,,,,,,,
00-829,,,,,,,,,,,,,,,,,,,,,,,,,,,,,,,
00-830,,,,,,,,,,,,,,,,,,,,,,,,,,,,,,,
00-831,,,,,,,,,,,,,,,,,,,,,,,,,,,,,,,
00-832,,,,,,,,,,,,,,,,,,,,,,,,,,,,,,,
00-833,,,,,,,,,,,,,,,,,,,,,,,,,,,,,,,
00-834,,,,,,,,,,,,,,,,,,,,,,,,,,,,,,,
00-835,,,,,,,,,,,,,,,,,,,,,,,,,,,,,,,
00-836,,,,,,,,,,,,,,,,,,,,,,,,,,,,,,,
00-837,,,,,,,,,,,,,,,,,,,,,,,,,,,,,,,
00-838,,,,,,,,,,,,,,,,,,,,,,,,,,,,,,,
00-839,,,,,,,,,,,,,,,,,,,,,,,,,,,,,,,
00-840,,,,,,,,,,,,,,,,,,,,,,,,,,,,,,,
00-841,,,,,,,,,,,,,,,,,,,,,,,,,,,,,,,
00-842,,,,,,,,,,,,,,,,,,,,,,,,,,,,,,,
00-843,,,,,,,,,,,,,,,,,,,,,,,,,,,,,,,
00-844,,,,,,,,,,,,,,,,,,,,,,,,,,,,,,,
00-845,,,,,,,,,,,,,,,,,,,,,,,,,,,,,,,
00-846,,,,,,,,,,,,,,,,,,,,,,,,,,,,,,,
00-847,,,,,,,,,,,,,,,,,,,,,,,,,,,,,,,
00-848,,,,,,,,,,,,,,,,,,,,,,,,,,,,,,,
00-849,,,,,,,,,,,,,,,,,,,,,,,,,,,,,,,
00-850,,,,,,,,,,,,,,,,,,,,,,,,,,,,,,,
00-851,,,,,,,,,,,,,,,,,,,,,,,,,,,,,,,
00-852,,,,,,,,,,,,,,,,,,,,,,,,,,,,,,,
00-853,,,,,,,,,,,,,,,,,,,,,,,,,,,,,,,
00-854,,,,,,,,,,,,,,,,,,,,,,,,,,,,,,,
00-855,,,,,,,,,,,,,,,,,,,,,,,,,,,,,,,
00-856,,,,,,,,,,,,,,,,,,,,,,,,,,,,,,,
00-857,,,,,,,,,,,,,,,,,,,,,,,,,,,,,,,
00-858,,,,,,,,,,,,,,,,,,,,,,,,,,,,,,,
00-859,,,,,,,,,,,,,,,,,,,,,,,,,,,,,,,
00-860,,,,,,,,,,,,,,,,,,,,,,,,,,,,,,,
00-861,,,,,,,,,,,,,,,,,,,,,,,,,,,,,,,
00-862,,,,,,,,,,,,,,,,,,,,,,,,,,,,,,,
00-863,,,,,,,,,,,,,,,,,,,,,,,,,,,,,,,
00-864,,,,,,,,,,,,,,,,,,,,,,,,,,,,,,,
00-865,,,,,,,,,,,,,,,,,,,,,,,,,,,,,,,
00-866,,,,,,,,,,,,,,,,,,,,,,,,,,,,,,,
00-867,,,,,,,,,,,,,,,,,,,,,,,,,,,,,,,
00-868,,,,,,,,,,,,,,,,,,,,,,,,,,,,,,,
00-869,,,,,,,,,,,,,,,,,,,,,,,,,,,,,,,
00-870,,,,,,,,,,,,,,,,,,,,,,,,,,,,,,,
00-871,,,,,,,,,,,,,,,,,,,,,,,,,,,,,,,
00-872,,,,,,,,,,,,,,,,,,,,,,,,,,,,,,,
00-873,,,,,,,,,,,,,,,,,,,,,,,,,,,,,,,
00-874,,,,,,,,,,,,,,,,,,,,,,,,,,,,,,,
00-875,,,,,,,,,,,,,,,,,,,,,,,,,,,,,,,
00-876,,,,,,,,,,,,,,,,,,,,,,,,,,,,,,,
00-877,,,,,,,,,,,,,,,,,,,,,,,,,,,,,,,
00-878,,,,,,,,,,,,,,,,,,,,,,,,,,,,,,,
00-879,,,,,,,,,,,,,,,,,,,,,,,,,,,,,,,
00-880,,,,,,,,,,,,,,,,,,,,,,,,,,,,,,,
00-881,,,,,,,,,,,,,,,,,,,,,,,,,,,,,,,
00-882,,,,,,,,,,,,,,,,,,,,,,,,,,,,,,,
00-883,,,,,,,,,,,,,,,,,,,,,,,,,,,,,,,
00-884,,,,,,,,,,,,,,,,,,,,,,,,,,,,,,,
00-885,,,,,,,,,,,,,,,,,,,,,,,,,,,,,,,
00-886,,,,,,,,,,,,,,,,,,,,,,,,,,,,,,,
00-887,,,,,,,,,,,,,,,,,,,,,,,,,,,,,,,
00-888,,,,,,,,,,,,,,,,,,,,,,,,,,,,,,,
00-889,,,,,,,,,,,,,,,,,,,,,,,,,,,,,,,
00-890,,,,,,,,,,,,,,,,,,,,,,,,,,,,,,,
00-891,,,,,,,,,,,,,,,,,,,,,,,,,,,,,,,
00-892,,,,,,,,,,,,,,,,,,,,,,,,,,,,,,,
00-893,,,,,,,,,,,,,,,,,,,,,,,,,,,,,,,
00-894,,,,,,,,,,,,,,,,,,,,,,,,,,,,,,,
00-895,,,,,,,,,,,,,,,,,,,,,,,,,,,,,,,
00-896,,,,,,,,,,,,,,,,,,,,,,,,,,,,,,,
00-897,,,,,,,,,,,,,,,,,,,,,,,,,,,,,,,
00-898,,,,,,,,,,,,,,,,,,,,,,,,,,,,,,,
00-899,,,,,,,,,,,,,,,,,,,,,,,,,,,,,,,
00-900,,,,,,,,,,,,,,,,,,,,,,,,,,,,,,,
00-901,,,,,,,,,,,,,,,,,,,,,,,,,,,,,,,
00-902,,,,,,,,,,,,,,,,,,,,,,,,,,,,,,,
00-903,,,,,,,,,,,,,,,,,,,,,,,,,,,,,,,
00-904,,,,,,,,,,,,,,,,,,,,,,,,,,,,,,,
00-905,,,,,,,,,,,,,,,,,,,,,,,,,,,,,,,
00-906,,,,,,,,,,,,,,,,,,,,,,,,,,,,,,,
00-907,,,,,,,,,,,,,,,,,,,,,,,,,,,,,,,
00-908,,,,,,,,,,,,,,,,,,,,,,,,,,,,,,,
00-909,,,,,,,,,,,,,,,,,,,,,,,,,,,,,,,
00-910,,,,,,,,,,,,,,,,,,,,,,,,,,,,,,,
00-911,,,,,,,,,,,,,,,,,,,,,,,,,,,,,,,
00-912,,,,,,,,,,,,,,,,,,,,,,,,,,,,,,,
00-913,,,,,,,,,,,,,,,,,,,,,,,,,,,,,,,
00-914,,,,,,,,,,,,,,,,,,,,,,,,,,,,,,,
00-915,,,,,,,,,,,,,,,,,,,,,,,,,,,,,,,
00-916,,,,,,,,,,,,,,,,,,,,,,,,,,,,,,,
00-917,,,,,,,,,,,,,,,,,,,,,,,,,,,,,,,
00-918,,,,,,,,,,,,,,,,,,,,,,,,,,,,,,,
00-919,,,,,,,,,,,,,,,,,,,,,,,,,,,,,,,
00-920,,,,,,,,,,,,,,,,,,,,,,,,,,,,,,,
00-921,,,,,,,,,,,,,,,,,,,,,,,,,,,,,,,
00-922,,,,,,,,,,,,,,,,,,,,,,,,,,,,,,,
00-923,,,,,,,,,,,,,,,,,,,,,,,,,,,,,,,
00-924,,,,,,,,,,,,,,,,,,,,,,,,,,,,,,,
00-925,,,,,,,,,,,,,,,,,,,,,,,,,,,,,,,
00-926,,,,,,,,,,,,,,,,,,,,,,,,,,,,,,,
00-927,,,,,,,,,,,,,,,,,,,,,,,,,,,,,,,